Message,Label
cos i was out shopping wif darren jus now n i called him 2 ask wat present he wan lor then he started guessing who i was wif n he finally guessed darren lor,ham
goodmorning today i am late for 2hrs because of back pain,ham
can ì send me a copy of da report,ham
i can ask around but theres not a lot in terms of mids up here,ham
18 days to euro2004 kickoff u will be kept informed of all the latest news and results daily unsubscribe send get euro stop to 83222,spam
sorry to be a pain is it ok if we meet another night i spent late afternoon in casualty and that means i havent done any of y stuff42moro and that includes all my time sheets and that sorry,ham
mum ive sent you many many messages since i got here i just want to know that you are actually getting them do enjoy the rest of your day,ham
but you dint in touch with me,ham
i couldnt say no as he is a dying man and i feel sad for him so i will go and i just wanted you to know i would probably be gone late into your night,ham
what todaysundaysunday is holidayso no work,ham
yes the only place in town to meet exciting adult singles is now in the uk txt chat to 86688 now 150pmsg,spam
thanx 4 sending me home,ham
ok shell be ok i guess,ham
can i meet ì at 5 as 4 where depends on where ì wan 2 in lor,ham
now press conference da,ham
at home by the way,ham
splashmobile choose from 1000s of gr8 tones each wk this is a subscrition service with weekly tones costing 300p u have one credit kick back and enjoy,spam
yar i wanted 2 scold u yest but late already i where got zhong se qing you if u ask me b4 he ask me then ill go out w u all lor n u still can act so real,ham
how many licks does it take to get to the center of a tootsie pop,ham
oh i will get paid the most outstanding one is for a commercial i did for hasbroin august they made us jump through so many hoops to get paid still not,ham
i can probably come by everybodys done around ltgt right,ham
3 free tarot texts find out about your love life now try 3 for free text chance to 85555 16 only after 3 free msgs å£150 each,spam
ìï predict wat time ìll finish buying,ham
lol yes but it will add some spice to your day,ham
great comedycant stop laughing da,ham
cool text me when youre ready,ham
its that time of the week again ryan,ham
where is that one day training,ham
derp which is worse a dude who always wants to party or a dude who files a complaint about the three drug abusers he lives with,ham
maybe say hi to and find out if got his card great escape or wetherspoons,ham
staffsciencenusedusgphyhcmkteachingpc1323,ham
sexy singles are waiting for you text your age followed by your gender as wither m or f eg23f for gay men text your age followed by a g eg23g,spam
im fine hope you are good do take care,ham
aight well keep me informed,ham
o guess they both got screwd,ham
i want to sent ltgt mesages today thats y sorry if i hurts,ham
ive told you everything will stop just dont let her get dehydrated,ham
oh really did you make it on air whats your talent,ham
no screaming means shouting,ham
purity of friendship between two is not about smiling after reading the forwarded messageits about smiling just by seeing the name gud evng,ham
bloody hell cant believe you forgot my surname mr ill give u a clue its spanish and begins with m,ham
sfine anytime all the best with it,ham
oh a half hour is much longer in syria than canada eh wow you must get so much more work done in a day than us with all that extra time grins,ham
the house is on the water with a dock a boat rolled up with a newscaster who dabbles in jazz flute behind the wheel,ham
sbut he had some luck2 catches put down,ham
genius whats up how your brother pls send his number to my skype,ham
he is world famamus,ham
hiya had a good day have you spoken to since the weekend,ham
oktake careumma to you too,ham
ou are guaranteed the latest nokia phone a 40gb ipod mp3 player or a å£500 prize txt word collect to no 83355 ibhltd ldnw15h 150pmtmsgrcvd18,spam
i was up all night too worrying about this appt its a shame we missed a girls night out with quizzes popcorn and you doing my hair,ham
i borrow ur bag ok,ham
sez hows u de arab boy hope u r all good give my love 2 evry1 love ya eshxxxxxxxxxxx,ham
no i dont want to hear anything,ham
u guys never invite me anywhere,ham
private your 2004 account statement for 0784987 shows 786 unredeemed bonus points to claim call 08719180219 identifier code 45239 expires 060505,spam
private your 2003 account statement for shows 800 unredeemed sim points call 08715203685 identifier code4xx26 expires 131004,spam
uncle boye i need movies oh guide me plus you know torrents are not particularly legal here and the system is slowing down what should i do have a gr8 day plus have you started cos i dont meet you online how was the honey moon,ham
busy here trying to finish for new year i am looking forward to finally meeting you,ham
u sick still can go shopping,ham
goal arsenal 4 henry 7 v liverpool 2 henry scores with a simple shot from 6 yards from a pass by bergkamp to give arsenal a 2 goal margin after 78 mins,spam
getting tickets 4 walsall tue 6 th march my mate is getting me them on sat ill pay my treat want 2 go txt bak terry,ham
i wont do anything de,ham
alright if youre sure let me know when youre leaving,ham
urgent we are trying to contact u todays draw shows that you have won a å£2000 prize guaranteed call 09058094507 from land line claim 3030 valid 12hrs only,spam
urgent your mobile no 07808726822 was awarded a å£2000 bonus caller prize on 020903 this is our 2nd attempt to contact you call 08718729758 box95qu,spam
awesome text me when youre restocked,ham
wat so late still early mah or we juz go 4 dinner lor aiya i dunno,ham
gud gudk chikku tke care sleep well gud nyt,ham
mmmmmm i love youso much ahmad i cant wait for this year to begin as every second takes me closer to being at your side happy new year my love,ham
hm good morning headache anyone,ham
oh is it send me the address,ham
free camera phones with linerental from 449month with 750 cross ntwk mins 12 price txt bundle deals also avble call 08001950382 or call2optoutj mf,spam
oops my phone died and i didnt even know yeah i like it better,ham
i thk 50 shd be ok he said plus minus 10 did ì leave a line in between paragraphs,ham
unni thank you dear for the rechargerakhesh,ham
when you came to hostel,ham
i went to ur hon lab but no one is there,ham
to the wonderful okors have a great month we cherish you guys and wish you well each day mojibiola,ham
you were supposed to wake me up gt,ham
so anyways you can just go to your gym or whatever my love smiles i hope your ok and having a good day babe i miss you so much already,ham
k ill be sure to get up before noon and see whats what,ham
tiwary to rcbbattle between bang and kochi,ham
can you use foreign stamps for whatever you send them off for,ham
what was she looking for,ham
did u find out what time the bus is at coz i need to sort some stuff out,ham
i am waiting for your call sir,ham
anything,ham
ok cool see ya then,ham
omw back to tampa from west palm you hear what happened,ham
i hope your pee burns tonite,ham
here is my new address applespairsall that malarky,ham
sorry light turned green i meant another friend wanted ltgt worth but he may not be around,ham
how izzit still raining,ham
whats nannys address,ham
i aint answerin no phone at what is actually a pretty reasonable hour but im sleepy,ham
sitting in mu waiting for everyone to get out of my suite so i can take a shower,ham
get a brand new mobile phone by being an agent of the mob plus loads more goodies for more info just text mat to 87021,spam
do you want a new video handset 750 anytime any network mins half price line rental camcorder reply or call 08000930705 for delivery tomorrow,spam
also hi wesley howve you been,ham
let me know how to contact you ive you settled in a room lets know you are ok,ham
no da if you run that it activate the full version da,ham
sorry i cant take your call right now it so happens that there r 2waxsto do wat you want she can come and ill get her medical insurance and shell be able to deliver and have basic care im currently shopping for the right medical insurance for her so just give me til friday morning thats when ill see the major person that can guide me to the right insurance,ham
pls confirm the time to collect the cheque,ham
nah im goin 2 the wrks with j wot bout u,ham
my computer just fried the only essential part we dont keep spares of because my fucking idiot roommates looovvve leaving the thing running on full ltgt 7,ham
if you have belive me come to my home,ham
juz now havent woke up so a bit blur blur can dad went out liao i cant cum now oso,ham
quite late lar ard 12 anyway i wun b drivin,ham
dear got bus directly to calicut,ham
this is wishing you a great day moji told me about your offer and as always i was speechless you offer so easily to go to great lengths on my behalf and its stunning my exam is next friday after that i will keep in touch more sorry,ham
did he just say somebody is named tampa,ham
hey thk we juz go accordin to wat we discussed yest lor except no kb on sun cos theres nt much lesson to go if we attend kb on sat,ham
i wish things were different i wonder when i will be able to show you how much i value you pls continue the brisk walks no drugs without askin me please and find things to laugh about i love you dearly,ham
wat r u doing now,ham
xxxmobilemovieclub to use your credit click the wap link in the next txt message or click here httpwap xxxmobilemovieclubcomnqjkgighjjgcbl,spam
ur balance is now å£600 next question complete the landmark big a bob b barry or c ben text a b or c to 83738 good luck,spam
no my mum went 2 dentist,ham
went to ganesh dress shop,ham
heart is empty without love mind is empty without wisdom eyes r empty without dreams amp life is empty without frnds so alwys be in touch good night amp sweet dreams,ham
nothing smsing u n xy lor sorry lor da guys neva c u in person but they sort of know u lor so u wan 2 meet them xy ask me 2 bring u along 4 our next meeting,ham
im tired of arguing with you about this week after week do what you want and from now on ill do the same,ham
and very importantly all we discuss is between u and i only,ham
when can ì come out,ham
you should get more chicken broth if you want ramen unless theres some i dont know about,ham
x2 ltgt are you going to get that,ham
have a nice day my dear,ham
wot u up 2 u weirdo,ham
thanks honey but still havent heard anything i will leave it a bit longer so not 2 crowd him and will try later great advice thanks hope cardiff is still there,ham
hope things went well at doctors reminds me i still need 2godid u c d little thing i left in the lounge,ham
which channel,ham
me n him so funny,ham
is that on the telly no its brdget jones,ham
nope but ill b going 2 sch on fri quite early lor cos mys sis got paper in da morn,ham
get the door im here,ham
pls she needs to dat slowly or she will vomit more,ham
kdo it at evening daurgent,ham
haha figures well i found the piece and priscillas bowl,ham
come to me slave your doing it again going into your shell and unconsciously avoiding me you are making me unhappy,ham
ok thanx gd nite 2 ì too,ham
hey you told your name to gautham ah,ham
44 7732584351 do you want a new nokia 3510i colour phone deliveredtomorrow with 300 free minutes to any mobile 100 free texts free camcorder reply or call 08000930705,spam
nutter cutter ctter cttergg cttargg ctargg ctagg ie you,ham
we know someone who you know that fancies you call 09058097218 to find out who pobox 6 ls15hb 150p,spam
princess is your kitty shaved or natural,ham
thankyou so much for the call i appreciate your care,ham
not yet hadya sapna aunty manege yday hogidhechinnu full weak and swalpa black agidhane,ham
nice line said by a broken heart plz dont cum 1 more times infront of me other wise once again i ll trust u good 9t,ham
download as many ringtones as u like no restrictions 1000s 2 choose u can even send 2 yr buddys txt sir to 80082 å£3,spam
yeah probably earlier than that,ham
u 447801259231 have a secret admirer who is looking 2 make contact with ufind out who they rreveal who thinks ur so specialcall on 09058094597,spam
kkfrom tomorrow onwards started ah,ham
ok lar i double check wif da hair dresser already he said wun cut v short he said will cut until i look nice,ham
lol i have to take it member how i said my aunt flow didnt visit for 6 months its cause i developed ovarian cysts bc is the only way to shrink them,ham
yup ive finished c ì there,ham
watching cartoon listening music amp at eve had to go temple amp church what about u,ham
maybe if you woke up before fucking 3 this wouldnt be a problem,ham
s but not able to sleep,ham
hey babe i saw you came online for a second and then you disappeared what happened,ham
alrite hunnywot u up 2 2nite didnt end up goin down town jus da pub instead jus chillin at da mo in me bedroomlove jen xxx,ham
you have won a guaranteed å£200 award or even å£1000 cashto claim ur award call free on 08000407165 18 2 stop getstop on 88222 php rg21 4jx,spam
dont forget who owns you and whos private property you are and be my good boy always passionate kiss,ham
please ask mummy to call father,ham
is there any training tomorrow,ham
im fine hope you are also,ham
dear uve been invited to xchat this is our final attempt to contact u txt chat to 86688,spam
urgent important information for 02 user today is your lucky day 2 find out why log onto httpwwwurawinnercom there is a fantastic surprise awaiting you,spam
sure thing big man i have hockey elections at 6 shouldnû÷t go on longer than an hour though,ham
yes my reg is ciao,ham
k makes sense btw carlos is being difficult so you guys are gonna smoke while i go pick up the second batch and get gas,ham
sorry ill call later in meeting,ham
double your mins txts on orange or 12 price linerental motorola and sonyericsson with btooth freenokia free call mobileupd8 on 08000839402 or2optouthv9d,spam
speak only when you feel your words are better than the silence gud mrng,ham
you said to me before i went back to bed that you cant sleep for anything,ham
k then 2marrow are you coming to class,ham
yup i thk cine is better cos no need 2 go down 2 plaza mah,ham
were on the opposite side from where we dropped you off,ham
also wheres the piece,ham
im reaching home in 5 min,ham
cool text me when youre parked,ham
cool i am ltgt inches long hope you like them big,ham
life spend with someone for a lifetime may be meaningless but a few moments spent with someone who really love you means more than life itself,ham
we have pizza if u want,ham
ahhh work i vaguely remember that what does it feel like lol,ham
hi its jess i dont know if you are at work but call me when u can im at home all eve xxx,ham
apart from the one i told you about yesterday,ham
yeah give me a call if youve got a minute,ham
sorry de i went to shop,ham
miss call miss call khelate kintu opponenter miss call dhorte lage thats d rule one with great phone receiving quality wins,ham
urgent we are trying to contact u todays draw shows that you have won a å£2000 prize guaranteed call 09066358361 from land line claim y87 valid 12hrs only,spam
somewhr someone is surely made 4 u and god has decided a perfect time to make u meet dat person till den enjoy ur crushes,ham
yo the game almost over want to go to walmart soon,ham
if india win or level series means this is record,ham
dorothykiefercom bank of granite issues strongbuy explosive pick for our members up over 300 nasdaq symbol cdgt that is a 500 per,spam
in which place i can get rooms cheap,ham
sir i am waiting for your call once free please call me,ham
lol oh you got a friend for the dog,ham
bank of granite issues strongbuy explosive pick for our members up over 300 nasdaq symbol cdgt that is a 500 per,spam
thanks for picking up the trash,ham
lol its ok i didnt remember til last nite,ham
how come she can get it should b quite diff to guess rite,ham
ok try to do week end course in coimbatore,ham
ok help me ask if shes working tmr a not,ham
ugh fuck it im resubbing to eve,ham
i have had two more letters from i will copy them for you cos one has a message for you speak soon,ham
private your 2003 account statement for 07808 xxxxxx shows 800 unredeemed s i m points call 08719899217 identifier code 41685 expires 071104,spam
university of southern california,ham
sorry that was my uncle ill keep in touch,ham
chk in ur belovd ms dict,ham
thank u it better work out cause i will feel used otherwise,ham
hope you are having a good week just checking in,ham
i dont have i shall buy one dear,ham
is xy in ur car when u picking me up,ham
yeah imma come over cause jay wants to do some drugs,ham
k still are you loving me,ham
are u coming to the funeral home,ham
i love you both too,ham
nope watching tv at home not going out v bored,ham
also are you bringing galileo or dobby,ham
ya they are well and fine bbdpooja full pimpleseven she become quite blackand ur rite here its too cold wearing sweatter,ham
i dunno until when lets go learn pilates,ham
yup im still having coffee wif my frens my fren drove shell give me a lift,ham
apps class varaya elaya,ham
now am free call me pa,ham
was it something u ate,ham
whens your radio show,ham
siva is in hostel aha,ham
a bit of ur smile is my hppnss a drop of ur tear is my sorrow a part of ur heart is my life a heart like mine wil care for u forevr as my goodfriend,ham
ugh my leg hurts musta overdid it on mon,ham
ill be at yours in about 3 mins but look out for me,ham
ìï only send me the contents page,ham
smith waste dai wanna gayle,ham
i need you to be in my strong arms,ham
hey hunonbus goin 2 meet him he wants 2go out 4a meal but i donyt feel like it cuz have 2 get last bus homebut hes sweet latelyxxx,ham
please tell me you have some of that special stock you were talking about,ham
how long does applebees fucking take,ham
i can make it up there squeezed ltgt bucks out of my dad,ham
and whenever you and i see we can still hook up too,ham
do you know when the result,ham
then we wait 4 u lor no need 2 feel bad lar,ham
i think its far more than that but find out check google maps for a place from your dorm,ham
i have many dependents,ham
badrith is only for chennaii will surely pick for usno competition for him,ham
you are being contacted by our dating service by someone you know to find out who it is call from your mobile or landline 09064017305 pobox75ldns7,spam
babe im back come back to me,ham
your gonna have to pick up a 1 burger for yourself on your way home i cant even move pain is killing me,ham
i jus reached home i go bathe first but my sis using net tell u when she finishes k,ham
how are you my love are you with your brother time to talk english with him grins say hey muhommad penny says hello from across the sea,ham
you have 1 new voicemail please call 08719181503,spam
sorry u can not unsubscribe yet the mob offer package has a min term of 54 weeks pls resubmit request after expiry reply themob help 4 more info,spam
ltgt great loxahatchee xmas tree burning update you can totally see stars here,ham
i got like ltgt i can get some more later though get whatever you feel like,ham
yeah probably but not sure ilol let u know but personally i wuldnt bother then again if ur goin to then i mite as well,ham
enjoy the showers of possessiveness poured on u by ur loved ones bcoz in this world of lies it is a golden gift to be loved truly,ham
its cool we can last a little while getting more any time soon,ham
no management puzzeles,ham
you have come into my life and brought the sun shiny down on me warming my heart putting a constant smile on my face making me feel loved and cared for,ham
where to get those,ham
themob check out our newest selection of content games tones gossip babes and sport keep your mobile fit and funky text wap to 82468,spam
im in office now dawhere are you,ham
how abt making some of the pics bigger,ham
thanx 4 2day u r a goodmate i think ur rite sary asusual1 u cheered me up love u franyxxxxx,ham
i dont knw pa i just drink milk,ham
pete can you please ring meive hardly gotany credit,ham
no pic please resend,ham
call 09090900040 listen to extreme dirty live chat going on in the office right now total privacy no one knows your sic listening 60p min 247mp 0870753331018,spam
well i know z will take care of me so no worries,ham
webpage s not available,ham
jus telling u dat ill b leaving 4 shanghai on 21st instead so well haf more time 2 meet up cya,ham
dont show yourself how far put new pictures up on facebook,ham
goodo yes we must speak friday eggpotato ratio for tortilla needed,ham
i had it alreadysabarish asked me to go,ham
okey dokey iû÷ll be over in a bit just sorting some stuff out,ham
anyway i dont think i can secure anything up here lemme know if you want me to drive down south and chill,ham
thanx 4 the time weåõve spent 2geva its bin mint ur my baby and all i want is uxxxx,ham
this message is from a great doctor in india 1 do not drink appy fizz it contains cancer causing age,ham
havent,ham
aiyo cos i sms ì then ì neva reply so i wait 4 ì to reply lar i tot ì havent finish ur lab wat,ham
will be out of class in a few hours sorry,ham
thanks and or bomb and date as my phone wanted to say,ham
studying but ill be free next weekend,ham
oh ok i didnt know what you meant yep i am baby jontin,ham
the fact that youre cleaning shows you know why im upset your priority is constantly what i want to do not what i need to do,ham
there the size of elephant tablets u shove um up ur ass,ham
hanks lotsly,ham
yeah ill leave in a couple minutes amp let you know when i get to mu,ham
not really dude have no friends im afraid,ham
i know you are thinkin malaria but relax children cant handle malaria she would have been worse and its gastroenteritis if she takes enough to replace her loss her temp will reduce and if you give her malaria meds now she will just vomit its a self limiting illness she has which means in a few days it will completely stop,ham
lul im gettin some juicy gossip at the hospital two nurses are talking about how fat they are gettin and one thinks shes obese oyea,ham
good no swimsuit allowed,ham
oh yeah i forgot u can only take 2 out shopping at once,ham
no prob i will send to your email,ham
she said do u mind if i go into the bedroom for a minute ok i sed in a sexy mood she came out 5 minuts latr wid a caken my wife,ham
should i buy him a blackberry bold 2 or torch should i buy him new or used let me know plus are you saying i should buy the ltgt g wifi ipad and what are you saying about the about the ltgt g,ham
mon okie lor haha best is cheap n gd food la ex oso okie depends on whether wana eat western or chinese food den which u prefer,ham
kkwhen are you going,ham
he fucking chickened out he messaged me he would be late and woould buzz me and then i didnt hear a word from him,ham
no one interested may be some business plan,ham
i want to be there so i can kiss you and feel you next to me,ham
k im leaving soon be there a little after 9,ham
im reading the text i just sent you its meant to be a joke so read it in that light,ham
are you staying in town,ham
u have a secret admirer who is looking 2 make contact with ufind out who they rreveal who thinks ur so specialcall on 09058094594,spam
your b4u voucher wc 2703 is marsms log onto wwwb4utelecom for discount credit to opt out reply stop customer care call 08717168528,spam
good afternoon my boytoy how are you feeling today better i hope are you being my good boy are you my obedient slave do you please your queen,ham
even i cant close my eyes you are in me our vava playing umma d,ham
ive been trying to reach him without success,ham
i hope you know im still mad at you,ham
im still pretty weak today bad day,ham
no need lar i go engin cos my sis at arts today,ham
sorry im not free,ham
no no i will check all rooms befor activities,ham
nohe joined today itself,ham
no callsmessagesmissed calls,ham
im aight wats happening on your side,ham
rofl betta invest in some anti aging products,ham
am surfing online store for offers do you want to buy any thing,ham
is that seriously how you spell his name,ham
is there any movie theatre i can go to and watch unlimited movies and just pay once,ham
how will i creep on you now,ham
no gifts you trying to get me to throw myself off a cliff or something,ham
no shit but i wasnt that surprised so i went and spent the evening with that french guy i met in town here and we fooled around a bit but i didnt let him fuck me,ham
k ill head out in a few mins see you there,ham
remember on that day,ham
im in a movie collect car oredi,ham
hahahause your brain dear,ham
babe i love you covers your face in kisses,ham
here got ur favorite oyster n got my favorite sashimi ok lar i dun say already wait ur stomach start rumbling,ham
jesus armand really is trying to tell everybody he can find,ham
yeah thats what i thought lemme know if anythings goin on later,ham
u r subscribed 2 textcomp 250 wkly comp 1st wks free question follows subsequent wks charged150pmsg2 unsubscribe txt stop 2 84128custcare 08712405020,spam
moji i love you more than words have a rich day,ham
have good weekend,ham
we tried to call you re your reply to our sms for a video mobile 750 mins unlimited text free camcorder reply of call 08000930705 now,spam
im on the bus love you,ham
give me a sec to think think about it,ham
dont necessarily expect it to be done before you get back though because im just now headin out,ham
sounds great im going to sleep now have a good night,ham
ringtone club get the uk singles chart on your mobile each week and choose any top quality ringtone this message is free of charge,spam
dis is yijue i jus saw ur mail in case huiming havent sent u my num dis is my num,ham
nope i just forgot will show next week,ham
free entry into our å£250 weekly competition just text the word win to 80086 now 18 tc wwwtxttowincouk,spam
oh ic i thought you meant mary jane,ham
po de no need job aha,ham
umma my life and vava umma love you lot dear,ham
you are right meanwhile hows project twins comin up,ham
get a free mobile video player free movie to collect text go to 89105 its free extra films can be ordered ts and cs apply 18 yrs only,spam
aiyar u so poor thing i give u my support k jia you ill think of u,ham
what u wearing,ham
oh did you charge camera,ham
hey a guy i know is breathing down my neck to get him some bud anyway youd be able to get a half track to usf tonight,ham
oh oh wasted den muz chiong on sat n sun liao,ham
hey i will be late im at amk need to drink tea or coffee,ham
xmas iscoming ur awarded either å£500 cd gift vouchers free entry 2 r å£100 weekly draw txt music to 87066 tnc wwwldewcom1win150ppmx3age16subscription,spam
yoyyooo u know how to change permissions for a drive in mac my usb flash drive,ham
well done blimey exercise yeah i kinda remember wot that is hmm,ham
i am going to sleep i am tired of travel,ham
hi my email address has changed now it is,ham
dear i have reache room,ham
good friends care for each other close friends understand each other and true friends stay forever beyond words beyond time gud ni8,ham
i have a sore throat its scratches when i talk,ham
i will be gentle princess we will make sweet gentle love,ham
friends that u can stay on fb chat with,ham
you should know now so hows anthony are you bringing money ive school fees to pay and rent and stuff like that thats why i need your help a friend in need,ham
hmm ill have to think about it ok youre forgiven d,ham
i know you mood off today,ham
we tried to contact you re your reply to our offer of 750 mins 150 textand a new video phone call 08002988890 now or reply for free delivery tomorrow,spam
frndship is like a needle of a clock though v r in d same clock v r nt able 2 met evn if v meetitz only 4few seconds bt v alwys stay conected gud 9t,ham
okay we wait ah,ham
lol yes our friendship is hanging on a thread cause u wont buy stuff,ham
come around ltdecimalgt pm vikkyim otside nw il come by tht time,ham
mark works tomorrow he gets out at 5 his work is by your house so he can meet u afterwards,ham
sorry man my accounts dry or i would if you want we could trade back half or i could buy some shit with my credit card,ham
goodnight da thangam i really miss u dear,ham
sorry dai was thought of calling you lot of timeslil busyi will call you at noon,ham
awesome ill see you in a bit,ham
he has lots of used ones babe but the model doesnt help youi have to bring it over and hell match it up,ham
k k sms chat with me,ham
quite ok but a bit ex u better go eat smth now else ill feel guilty,ham
freemsg fancy a flirt reply date now join the uks fastest growing mobile dating service msgs rcvd just 25p to optout txt stop to 83021 reply date now,spam
i know you are serving i mean what are you doing now,ham
only if you promise your getting out as soon as you can and youll text me in the morning to let me know you made it in ok,ham
then she buying today ìï no need to c meh,ham
good stuff will do,ham
guess he wants alone time we could just show up and watch when they do,ham
last chance 2 claim ur å£150 worth of discount voucherstext yes to 85023 nowsavamobmember offers mobile t cs 08717898035 å£300 sub 16 remove txt x or stop,spam
was just about to ask will keep this one maybe thats why you didnt get all the messages we sent you on glo,ham
honeybee said im d sweetest in d world god laughed amp said waitu havnt met d person reading this msg moral even god can crack jokes gmgngegn,ham
call me i am senthil from hsbc,ham
so how are you really what are you up to hows the masters and so on,ham
nt joking seriously i told,ham
mm i had my food da from out,ham
haha awesome i might need to take you up on that what you doin tonight,ham
im in chennai velachery,ham
sounds great are you home now,ham
yes i think so i am in office but my lap is in room i think thats on for the last few days i didnt shut that down,ham
nothing can,ham
thank you and by the way i just lost,ham
ok,ham
i think u have the wrong number,ham
whos this am in class,ham
god picked up a flower and dippeditinadew lovingly touched itwhichturnedinto u and the he gifted tomeandsaidthis friend is 4u,ham
sure i am driving but will reach my destination soon,ham
do you work all this week,ham
wen ur lovable bcums angry wid u dnt take it seriously coz being angry is d most childish n true way of showing deep affection care n luv kettoda manda have nice day da,ham
hello good week fancy a drink or something later,ham
u dont remember that old commercial,ham
easy mate guess the quick drink was bit ambitious,ham
yes when is the appt again,ham
she was supposed to be but couldnt make it shes still in town though,ham
are u awake is there snow there,ham
i call you later dont have network if urgnt sms me,ham
then ì wait 4 me at bus stop aft ur lect lar if i dun c ì then i go get my car then come back n pick ì,ham
thats cool i liked your photos you are very sexy,ham
you can never do nothing,ham
how much she payed suganya,ham
good do you think you could send me some pix i would love to see your top and bottom,ham
if u laugh really loud if u talk spontaneously if u dont care what others feel u are probably with your dear amp best friends goodevening dear,ham
no messageno responcewhat happend,ham
hmm well night night,ham
must come later i normally bathe him in da afternoon mah,ham
just gettin a bit arty with my collages at the mo well tryin 2 ne way got a roast in a min lovely i shall enjoy that,ham
yep by the pretty sculpture,ham
how long before you get reply just defer admission til next semester,ham
im wif him now buying tix lar,ham
i tagged my friends that you seemed to count as your friends,ham
have you finished work yet,ham
where you what happen,ham
do you know when dad will be back,ham
2 celebrate my båõday y else,ham
free message activate your 500 free text messages by replying to this message with the word free for terms conditions visit www07781482378com,spam
ambrithmaduraimet u in arun dha marrgeremembr,ham
goldviking 29m is inviting you to be his friend reply yes762 or no762 see him wwwsmsacugoldviking stop send stop frnd to 62468,spam
they dont put that stuff on the roads to keep it from getting slippery over there,ham
natalie 20f is inviting you to be her friend reply yes165 or no165 see her wwwsmsacunatalie2k9 stop send stop frnd to 62468,spam
come to mu were sorting out our narcotics situation,ham
ceri u rebel sweet dreamz me little buddy c ya 2moro who needs blokes,ham
lol enjoy role playing much,ham
no messages on her phone im holding it now,ham
u too,ham
beautiful truth against gravity read carefully our heart feels light when someone is in it but it feels very heavy when someone leaves it goodmorning,ham
my battery is low babe,ham
in life when you face choices just toss a coin not becoz its settle the question but while the coin in the air u will know what your heart is hoping for gudni8,ham
and how you will do that princess,ham
buy space invaders 4 a chance 2 win orig arcade game console press 0 for games arcade std wap charge see o2coukgames 4 terms settings no purchase,spam
i think were going to finns now come,ham
oooh i got plenty of those,ham
why did i wake up on my own gt,ham
dhoni have luck to win some big titleso we will win,ham
then its most likely called mittelschmertz google it if you dont have paracetamol dont worry it will go,ham
awesome think we can get an 8th at usf some time tonight,ham
r u sure theyll understand that wine good idea just had a slurp,ham
its still not working and this time i also tried adding zeros that was the savings the checking is ltgt,ham
lol great now im getting hungry,ham
wherres my boytoy,ham
happy new year my dear brother i really do miss you just got your number and decided to send you this text wishing you only happiness abiola,ham
i shall book chez jules for half eight if thats ok with you,ham
do you know where my lab goggles went,ham
i anything lor,ham
tell them u have a headache and just want to use 1 hour of sick time,ham
you are now unsubscribed all services get tons of sexy babes or hunks straight to your phone go to httpgotbabescouk no subscriptions,spam
some are lasting as much as 2 hours you might get lucky,ham
dad went out oredi,ham
will do you gonna be at blakes all night i might be able to get out of here a little early,ham
mm not entirely sure i understood that text but hey ho which weekend,ham
todays voda numbers ending 5226 are selected to receive a 350 award if you hava a match please call 08712300220 quoting claim code 1131 standard rates app,spam
you have won 1000 cash or a 2000 prize to claim call09050000327 tc rstm sw7 3ss 150ppm,spam
my phone,ham
finish already yar they keep saying i mushy i so embarrassed ok,ham
5p 4 alfie moons children in need song on ur mob tell ur m8s txt tone charity to 8007 for nokias or poly charity for polys zed 08701417012 profit 2 charity,spam
what do you do my dog must i always wait till the end of your day to have word from you did you run out of time on your cell already,ham
you have 1 new message please call 08715205273,spam
i am back bit long cos of accident on a30 had to divert via wadebridgei had a brilliant weekend thanks speak soon lots of love,ham
yo im at my parents gettin cash good news we picked up a downstem,ham
they said ì dun haf passport or smth like dat or ì juz send to my email account,ham
free entry into our å£250 weekly comp just send the word win to 80086 now 18 tc wwwtxttowincouk,spam
love has one law make happy the person you love in the same way friendship has one law never make ur friend feel alone until you are alive gud night,ham
i know that my friend already told that,ham
ok can be later showing around 8830 if you want cld have drink before wld prefer not to spend money on nosh if you dont mind as doing that nxt wk,ham
dnt worryuse ice pieces in a cloth packalso take 2 tablets,ham
think i might have to give it a miss am teaching til twelve then have lecture at two damn this working thing,ham
were finally ready fyi,ham
can dunno wat to get 4 her,ham
beautiful truth against gravity read carefully our heart feels light when someone is in it but it feels very heavy when someone leaves it good night,ham
hiya how was last night ive been naughty and bought myself clothes and very little ready for more shopping tho what kind of time do you wanna meet,ham
k ill work something out,ham
lol grins im not babe but thanks for thinking of me,ham
what is important is that you prevent dehydration by giving her enough fluids,ham
when u love someone dont make them to love u as much as u do but love them so much that they dont want to be loved by anyone except you gud nit,ham
its ok lar u sleep early too nite,ham
so hows the weather over there,ham
i uploaded mine to facebook,ham
the gas station is like a block away from my house youll drive right by it since armenia ends at swann and you have to take howard,ham
cant i feel nauseous im so pissed i didnt eat any sweets all week cause today i was planning to pig out i was dieting all week and now im not hungry,ham
how are you babes hope your doing ok i had a shit nights sleep i fell asleep at 5iåõm knackered and iåõm dreading work tonight what are thou upto tonight x,ham
youre right i have now that i think about it,ham
urgent your mobile no won a å£2000 bonus caller prize on 020603 this is the 2nd attempt to reach you call 09066362220 asap box97n7qp 150ppm,spam
wait thats still not all that clear were you not sure about me being sarcastic or that thats why x doesnt want to live with us,ham
call freephone 0800 542 0578 now,spam
lol wtf random btw is that your lunch break,ham
think you sent the text to the home phone that cant display texts if you still want to send it his number is,ham
did u fix the teethif not do it asapok take care,ham
alex knows a guy who sells mids but hes down in south tampa and i dont think i could set it up before like 8,ham
did either of you have any ideas do you know of anyplaces doing something,ham
the beauty of life is in next second which hides thousands of secrets i wish every second will be wonderful in ur life gud n8,ham
aight i should be there by 8 at the latest probably closer to 7 are jay and tyler down or should we just do two trips,ham
oh ho is this the first time u use these type of words,ham
ok let u noe when i leave my house,ham
thanx u darlinim cool thanx a few bday drinks 2 nite 2morrow off take care c u soonxxx,ham
aight fuck it ill get it later,ham
httptms widelivecomindex wmlid820554ad0a1705572711firsttrueåác c ringtoneåá,spam
cds 4u congratulations ur awarded å£500 of cd gift vouchers or å£125 gift guaranteed freeentry 2 å£100 wkly draw xt music to 87066 tncs wwwldewcom1win150ppmx3age16,spam
do u knw dis no ltgt,ham
not much just some textin how bout you,ham
k if u bored up just come to my home,ham
ever thought about living a good life with a perfect partner just txt back name and age to join the mobile community 100psms,spam
symptoms when u are in love 1u like listening songs 2u get stopped where u see the name of your beloved 3u wont get angry when your,ham
oh and by the way you do have more food in your fridge want to go out for a meal tonight,ham
sen told that he is going to join his uncle finance in cbe,ham
we not leaving yet ok lor then we go elsewhere n eat u thk,ham
good afternon my love how are today i hope your good and maybe have some interviews i wake and miss you babe a passionate kiss from across the sea,ham
nothing but we jus tot u would ask cos u ba gua but we went mt faber yest yest jus went out already mah so today not going out jus call lor,ham
yeah i think my usual guys still passed out from last night if you get ahold of anybody let me know and ill throw down,ham
wat time ì wan today,ham
anything lor but toa payoh got place 2 walk meh,ham
sorry man my stash ran dry last night and i cant pick up more until sunday,ham
didnt try g and i decided not to head out,ham
oh my god im almost home,ham
check audreys status right now,ham
its just the effect of irritation just ignore it,ham
your free ringtone is waiting to be collected simply text the password mix to 85069 to verify get usher and britney fml po box 5249 mk17 92h 450ppw 16,spam
and picking them up from various points going 2 yeovil and they will do the motor project 4 3 hours and then u take them home 12 2 530 max very easy,ham
hmm shall i bring a bottle of wine to keep us amused just joking ill still bring a bottle red or white see you tomorrow,ham
don knowhe is watching film in computer,ham
as usualiam fine happy amp doing well,ham
thanks 4 your continued support your question this week will enter u in2 our draw 4 å£100 cash name the new us president txt ans to 80082,spam
tyler getting an 8th has to leave not long after 9 can you get here in like an hour,ham
waiting in e car 4 my mum lor u leh reach home already,ham
waiting 4 my tv show 2 start lor u leh still busy doing ur report,ham
so is there anything specific i should be doing with regards to jaklin or what because idk what the fuck,ham
seriously tell her those exact words right now,ham
reason is if the team budget is available at last they buy the unsold players for at base rate,ham
thanks chikku gud nyt,ham
cant believe i said so many things to you this morning when all i really wanted to say was good morning i love you have a beautiful morning see you in the library later,ham
ill post her out l8r in class,ham
hey ive booked the pilates and yoga lesson already haha,ham
yup im elaborating on the safety aspects and some other issues,ham
120 that call cost which i guess isnt bad miss ya need ya want ya love ya,ham
i will send them to your email do you mind ltgt times per night,ham
ya when are ì taking ure practical lessons i start in june,ham
you are a å£1000 winner or guaranteed caller prize this is our final attempt to contact you to claim call 09071517866 now 150ppmpobox10183bhamb64xe,spam
guy no flash me now if you go call me call me how madam take care oh,ham
ok c u then,ham
good morning at the repair shopthe only reason im up at this hour,ham
so wats da decision,ham
i cant make it tonight,ham
alright ill make sure the car is back tonight,ham
i want to send something that can sell fast ltgt k is not easy money,ham
then why no one talking to me,ham
a famous quote when you develop the ability to listen to anything unconditionally without losing your temper or self confidence it means you are married,ham
great p diddy is my neighbor and comes for toothpaste every morning,ham
thanx4 today cer it was nice 2 catch up but we ave 2 find more time more often oh well take care c u soonc,ham
need a coffee run tomocant believe its that time of week already,ham
dear where you call me,ham
jamster to get your free wallpaper text heart to 88888 now tc apply 16 only need help call 08701213186,spam
my friend just got here and says hes upping his order by a few grams hes got ltgt when can you get here,ham
free messagethanks for using the auction subscription service 18 150pmsgrcvd 2 skip an auction txt out 2 unsubscribe txt stop customercare 08718726270,spam
k want us to come by now,ham
block breaker now comes in deluxe format with new features and great graphics from tmobile buy for just å£5 by replying get bbdeluxe and take the challenge,spam
happy birthday to youdearwith lots of loverakhesh nri,ham
ree entry in 2 a weekly comp for a chance to win an ipod txt pod to 80182 to get entry std txt rate tcs apply 08452810073 for details 18,spam
yes fine,ham
watching tv now i got new job,ham
mm so you asked me not to call radio,ham
are you angry with me what happen dear,ham
hey so this sat are we going for the intro pilates only or the kickboxing too,ham
i cant talk to you nowi will call when i candont keep calling,ham
em its olowoyey uscedu have a great time in argentina not sad about secretary everything is a blessing,ham
twinks bears scallies skins and jocks are calling now dont miss the weekends fun call 08712466669 at 10pmin 2 stop texts call 08712460324nat rate,spam
im really sorry i wont b able 2 do this fridayhope u can find an alternativehope yr terms going ok,ham
do you want a new nokia 3510i colour phone deliveredtomorrow with 300 free minutes to any mobile 100 free texts free camcorder reply or call 08000930705,spam
ìï thk of wat to eat tonight,ham
s sfirst timedhoni rocks,ham
the new deus ex game comin early next yr,ham
might ax well im there,ham
huh y lei,ham
thing r good thanx got exams in march ive done no revision is fran still with boyf ive gotta interviw 4 exeter bit worriedx,ham
someone u know has asked our dating service 2 contact you cant guess who call 09058091854 now all will be revealed po box385 m6 6wu,spam
sorry man accidentally left my phone on silent last night and didnt check it til i got up,ham
how do friends help us in problems they give the most stupid suggestion that lands us into another problem and helps us forgt the previous problem,ham
am going to take bath ill place the key in window,ham
i am lateso call you tomorrow morningtake care sweet dreamsu and meummifyingbye,ham
nothing i meant that once the money enters your account here the bank will remove its flat rate someone transfered ltgt to my account and ltgt dollars got removed so the banks differ and charges also differbe sure you trust the 9ja person you are sending account details to cos,ham
you didnt hear it from me,ham
upgrdcentre orange customer you may now claim your free camera phone upgrade for your loyalty call now on 0207 153 9153 offer ends 26th july tcs apply optout available,spam
this is hoping you enjoyed your game yesterday sorry ive not been in touch but pls know that you are fondly bein thot off have a great week abiola,ham
haha just what i was thinkin,ham
im at home n ready,ham
u were outbid by simonwatson5120 on the shinco dvd plyr 2 bid again visit sms acsmsrewards 2 end bid notifications reply end out,spam
hey sexy buns have i told you i adore you loverboy i hope you remember to thank your sister in law for those meatballs grins i love you babe,ham
ok thanx take care then,ham
easy ahsen got selected means its good,ham
how come u got nothing to do,ham
i did one slice and one breadstick lol,ham
thank god they are in bed,ham
ur awarded a city break and could win a å£200 summer shopping spree every wk txt store to 88039 skilgme tscs087147403231winawkage16 å£150perwksub,spam
thanks it was only from tescos but quite nice all gone now speak soon,ham
customer loyalty offerthe new nokia6650 mobile from only å£10 at txtauction txt word start to no 81151 get yours now 4tctxt tc 150pmtmsg,spam
good afternoon my boytoy how goes that walking here and there day did you get that police abstract are you still out and about i wake and miss you babe,ham
i need details about that online job,ham
will you be here for food,ham
reminder you have not downloaded the content you have already paid for goto httpdoit mymoby tv to collect your content,spam
cha quiteamuzing thatåõscool babe probpop in cu satthen hunny 4brekkie love jen xxx psxtra lrg portions 4 me please,ham
should i tell my friend not to come round til like ltgt ish,ham
sounds better than my evening im just doing my costume im not sure what time i finish tomorrow but i will txt you at the end,ham
if youre still up maybe leave the credit card so i can get gas when i get back like he told me to,ham
sorry that took so long omw now,ham
do you know why god created gap between your fingers so that one who is made for you comes amp fills those gaps by holding your hand with love,ham
idea will soon get converted to live,ham
of cos can lar im not so ba dao ok 1 pm lor y u never ask where we go ah i said u would ask on fri but he said u will ask today,ham
do you like italian food,ham
me i dont know again oh,ham
please give it 2 or i will pick it up on tuesday evening about 8 if that is ok,ham
annoying isnt it,ham
oh god i am happy to see your message after 3 days,ham
i want to show you the world princess how about europe,ham
you getting back any time soon,ham
eat jap done oso aft ur lect wat ìï got lect at 12 rite,ham
i am thinking of going down to reg for pract lessons flung my advance haha wat time u going,ham
no b4 thursday,ham
i dont want to hear anything,ham
am i that much bad to avoid like this,ham
hope youåõre not having too much fun without me see u tomorrow love jess x,ham
shes good she was wondering if you wont say hi but shes smiling now so how are you coping with the long distance,ham
ok not sure what time tho as not sure if can get to library before class will try see you at some point have good eve,ham
tbspersolvo been chasing us since sept forå£38 definitely not paying now thanks to your information we will ignore them kath manchester,spam
hey do you want anything to buy,ham
tunji hows the queen how are you doing this is just wishing you a great day abiola,ham
u need my presnts always bcz u cant mis love jeevithathile irulinae neekunna prakasamanu sneham prakasam ennal prabha that mns prabha islove got it dont mis me,ham
velly good yes please,ham
prepare to be pounded every night,ham
will ì b going to esplanade fr home,ham
can you talk with me,ham
thats cool i want to please you,ham
was really good to see you the other day dudette been missing you,ham
im leaving my house now,ham
purity of friendship between two is not about smiling after reading the forwarded messageits about smiling just by seeing the name gud evng musthu,ham
oh for fucks sake shes in like tallahassee,ham
who were those people were you in a tour i thought you were doing that sofa thing you sent me your curious sugar,ham
i accidentally deleted the message resend please,ham
boo hows things im back at home and a little bored already,ham
cheers u tex mecause u werebored yeah okden hunny r uin wk satsoundåõs likeyour havin gr8fun j keep updat countinlots of loveme xxxxx,ham
nobody can decide where to eat and dad wants chinese,ham
congrats thats great i wanted to tell you not to tell me your score cos it might make me relax but its motivating me so thanks for sharing,ham
is ur changes 2 da report big cos ive already made changes 2 da previous report,ham
si think he is waste for rr,ham
was the actual exam harder than nbme,ham
i have a rather prominent bite mark on my right cheek,ham
i know but you need to get hotel now i just got my invitation but i had to apologise cali is to sweet for me to come to some english blokes weddin,ham
hows the champ just leaving glasgow,ham
me fineabsolutly fine,ham
you have won a nokia 7250i this is what you get when you win our free auction to take part send nokia to 86021 now hgsuite3422lands roww1jhl 16,spam
if you r home then come down within 5 min,ham
ranjith cal drpd deeraj and deepak 5min hold,ham
im an actor when i work i work in the evening and sleep late since im unemployed at the moment i always sleep late when youre unemployed every day is saturday,ham
text me when you get off dont call my phones having problems,ham
if you wereare free i can give otherwise nalla adi entey nattil kittum,ham
sorry sir i will call you tomorrow senthilhsbc,ham
i attended but nothing is there,ham
urgent ur awarded a complimentary trip to eurodisinc trav acoentry41 or å£1000 to claim txt dis to 87121 186å£150morefrmmob shracomorsglsuplt10 ls1 3aj,spam
i will be outside office take all from there,ham
you didnt have to tell me thatnow im thinking plus hes going to stop all your runs,ham
i think i am disturbing her da,ham
this is all just creepy and crazy to me,ham
i dont know but im raping dudes at poker,ham
ps u no ur a grown up now right,ham
can you pls pls send me a mail on all you know about relatives coming to deliver here all you know about costs risks benefits and anything else thanks,ham
lol u drunkard just doing my hair at d moment yeah still up 4 tonight wats the plan,ham
anything lor if they all go then i go lor,ham
call 09095350301 and send our girls into erotic ecstacy just 60pmin to stop texts call 08712460324 nat rate,spam
ur cashbalance is currently 500 pounds to maximize ur cashin now send cash to 86688 only 150pmsg cc 08708800282 hgsuite3422lands roww1j6hl,spam
no break time one how i come out n get my stuff fr ì,ham
well theres a pattern emerging of my friends telling me to drive up and come smoke with them and then telling me that im a weed fiendmake them smoke too muchimpede their doing other things so you see how im hesitant,ham
urgent call 09066350750 from your landline your complimentary 4 ibiza holiday or 10000 cash await collection sae tcs po box 434 sk3 8wp 150 ppm 18,spam
good afternoon my love any job prospects are you missing me what do you do are you being lazy and bleak hmmm or happy and filled with my love,ham
would u fuckin believe it they didnt know i had thurs pre booked off so they re cancelled me again that needs to b sacked,ham
so what u doing today,ham
dear uve been invited to xchat this is our final attempt to contact u txt chat to 86688 150pmsgrcvdhgsuite3422landsroww1j6hl ldn 18 yrs,spam
yeah go on then bored and depressed sittin waitin for phone to ring hope the wind drops though scary,ham
ok i juz receive,ham
ok not a problem will get them a taxi c ing tomorrow and tuesday on tuesday think we r all going to the cinema,ham
if you are not coughing then its nothing,ham
i plane to give on this month end,ham
no its waiting in e car dats bored wat cos wait outside got nothing 2 do at home can do my stuff or watch tv wat,ham
let me know how it changes in the next 6hrs it can even be appendix but you are out of that age range however its not impossible so just chill and let me know in 6hrs,ham
i am late i will be there at,ham
they released vday shirts and when u put it on it makes your bottom half naked instead of those white underwear,ham
ya it came a while ago,ham
thanks for your ringtone order reference t91 you will be charged gbp 4 per week you can unsubscribe at anytime by calling customer services on 09057039994,spam
if he started searching he will get job in few dayshe have great potential and talent,ham
ya had just nowonion roast,ham
this is the 2nd time we have tried to contact u u have won the å£400 prize 2 claim is easy just call 087104711148 now only 10p per minute btnationalrate,spam
dunno lei i might b eatin wif my frens if ì wan to eat then i wait 4 ì lar,ham
so wats ur opinion abt him and how abt is character,ham
shes borderline but yeah whatever,ham
hi this is mandy sullivan calling from hotmix fmyou are chosen to receive å£500000 in our easter prize drawplease telephone 09041940223 to claim before 290305 or your prize will be transferred to someone else,spam
that sucks so what do you got planned for your yo valentine i am your yo valentine arent i,ham
what im saying is if you havent explicitly told nora i know someone im probably just not gonna bother,ham
interflora åòits not too late to order interflora flowers for christmas call 0800 505060 to place your order before midnight tomorrow,spam
no need to buy lunch for me i eat maggi mee,ham
ok there may be a free gym about,ham
i am real baby i want to bring out your inner tigress,ham
do whatever you want you know what the rules are we had a talk earlier this week about what had to start happening you showing responsibility yet every week its can i bend the rule this way what about that way do whatever im tired of having thia same argument with you every week and a ltgt movie doesnt inlude the previews youre still getting in after 1,ham
thinkin about someone is all good no drugs for that,ham
i dont think he has spatula hands,ham
k my roommate also wants a dubsack and another friend may also want some so plan on bringing extra ill tell you when they know for sure,ham
how dare you change my ring,ham
yeshere tv is always available in work place,ham
u horrible gal u knew dat i was going out wif him yest n u still come n ask me,ham
nope think i will go for it on monday sorry i replied so late,ham
message important information for o2 user today is your lucky day 2 find out why log onto httpwwwurawinnercom there is a fantastic surprise awaiting you,spam
you have won a guaranteed å£1000 cash or a å£2000 prizeto claim yr prize call our customer service representative on,spam
what time is ur flight tmr,ham
hey you got any mail,ham
when did you get to the library,ham
good afternoon my love how goes your day how did you sleep i hope your well my boytoy i think of you,ham
come by our room at some point so we can iron out the plan for this weekend,ham
i just really need shit before tomorrow and i know you wont be awake before like 6,ham
i like to think theres always the possibility of being in a pub later,ham
im in class will holla later,ham
i can make lasagna for you vodka,ham
nothing lor a bit bored too then y dun u go home early 2 sleep today,ham
he dint tell anything he is angry on me that why you told to abi,ham
my love how come it took you so long to leave for zahers i got your words on ym and was happy to see them but was sad you had left i miss you,ham
can ì call me at 1010 to make sure dat ive woken up,ham
k im ready ltgt,ham
urgent please call 09066612661 from landline å£5000 cash or a luxury 4 canary islands holiday await collection tcs sae award 20m12aq 150ppm 16 ûï,spam
should i be stalking u,ham
no deam seeing in online shop so that i asked,ham
pick you up bout 730ish what time are and that going,ham
ya srsly better than yi tho,ham
you have won a guaranteed å£1000 cash or a å£2000 prize to claim yr prize call our customer service representative on 08714712412 between 10am7pm cost 10p,spam
back 2 work 2morro half term over can u c me 2nite 4 some sexy passion b4 i have 2 go back chat now 09099726481 luv dena calls å£1minmobsmorelkpobox177hp51fl,spam
i love to give massages i use lots of baby oil what is your fave position,ham
as in i want custom officer discount oh,ham
there is a first time for everything,ham
ur hmv quiz cashbalance is currently å£500 to maximize ur cashin now send hmv1 to 86688 only 150pmsg,spam
ya but it cant display internal subs so i gotta extract them,ham
i thk 530 lor but dunno can get tickets a not wat u doing now,ham
ill call you evening ill some ideas,ham
jus came back fr lunch wif my sis only u leh,ham
yeshe is really greatbhaji told kallis best cricketer after sachin in worldvery tough to get out,ham
how much did ur hdd casing cost,ham
will be september by then,ham
no chikku nt yet ya im free,ham
stop calling everyone saying i might have cancer my throat hurts to talk i cant be answering everyones calls if i get one more call im not babysitting on monday,ham
hello baby did you get back to your moms are you setting up the computer now filling your belly how goes it loverboy i miss you already sighs,ham
well boy am i glad g wasted all night at applebees for nothing,ham
wan2 win a meetgreet with westlife 4 u or a m8 they are currently on what tour 1unbreakable 2untamed 3unkempt text 12 or 3 to 83049 cost 50p std text,spam
me too have a lovely night xxx,ham
can you pls send me that company name in saibaba colany,ham
shes fine sends her greetings,ham
cant take any major roles in community outreach you rock mel,ham
im also came to room,ham
i take it the post has come then you must have 1000s of texts now happy reading my one from wiv hello caroline at the end is my favourite bless him,ham
not sure yet still trying to get a hold of him,ham
morning only i can ok,ham
for ur chance to win a å£250 cash every wk txt action to 80608 tscs wwwmovietriviatv custcare 08712405022 1x150pwk,spam
hey so whats the plan this sat,ham
haf u eaten wat time u wan me 2 come,ham
merry christmas to u too annie,ham
k ill take care of it,ham
sir you will receive the account no another 1hr time sorry for the delay,ham
wif my family booking tour package,ham
cool so how come you havent been wined and dined before,ham
joys father is john then john is the of joys father if u ans ths you hav ltgt iq tis s ias question try to answer,ham
guess who am ithis is the first time i created a web page wwwasjesuscom read all i wrote im waiting for your opinions i want to be your friend 11,spam
wish i were with you now,ham
free game get rayman golf 4 free from the o2 games arcade 1st get ur games settings reply post then save activ8 press 0 key for arcade termsapply,spam
just checking in on you really do miss seeing jeremiah do have a great month,ham
ìï eatin later but im eatin wif my frens now lei ìï going home first,ham
ltgt mins but i had to stop somewhere first,ham
oh shit i thought that was your trip loooooool that just makes so much more sense now grins and the sofa reference was the sleep on a couch link you sent me wasnt that how you went on your trip oh and didnt your babe go with you for that celebration with your rents,ham
hi test on ltgt rd,ham
hey you gave them your photo when you registered for driving ah tmr wanna meet at yck,ham
haha good to hear im officially paid and on the market for an 8th,ham
nt only for driving even for many reasons she is called bbdthts it chikku then hw abt dvg coldheard tht vinobanagar violence hw is the conditionand hw ru any problem,ham
email alertfrom jeri stewartsize 2kbsubject lowcost prescripiton drvgsto listen to email call 123,spam
ya i knw u vl givits ok thanks kanoanyway enjoy wit ur family wit 1st salary,ham
wat time u finish ur lect today,ham
babe what are you doing where are you who are you talking to do you think of me are you being a good boy are you missing me do you love me,ham
eerie nokia tones 4u rply tone title to 8007 eg tone dracula to 8007 titles ghost addamsfa munsters exorcist twilight wwwgetzedcouk pobox36504w45wq 150p,spam
text82228 get more ringtones logos and games from wwwtxt82228com questions infotxt82228couk,spam
free 1st week entry 2 textpod 4 a chance 2 win 40gb ipod or å£250 cash every wk txt pod to 84128 tscs wwwtextpodnet custcare 08712405020,spam
my friends use to call the same,ham
huh means computational science y they like dat one push here n there,ham
lol boo i was hoping for a laugh,ham
hi finally i completed the course,ham
i am 6 ft we will be a good combination,ham
very strange and are watching the 2nd one now but im in bed sweet dreams miss u,ham
oh fine ill be by tonight,ham
a little meds say take once every 8 hours its only been 5 but pain is back so i took another hope i dont die,ham
lil fever now fine,ham
just glad to be talking to you,ham
hello my love how goes that day i wish your well and fine babe and hope that you find some job prospects i miss you boytoy a teasing kiss,ham
how are you doing hope youve settled in for the new school year just wishin you a gr8 day,ham
then anything special,ham
nope c ì then,ham
set a place for me in your heart and not in your mind as the mind easily forgets but the heart will always remember wish you happy valentines day,ham
going to join tomorrow,ham
lol ok your forgiven,ham
maybe you should find something else to do instead,ham
she is our sister she belongs 2 our family she is d hope of tomorrow pray 4 herwho was fated 4 d shoranur train incident lets hold our hands together amp fuelled by love amp concern prior 2 her grief amp pain pls join in dis chain amp pass it stop violence against women,ham
i meant middle left or right,ham
men always needs a beautiful intelligent caring loving adjustable cooperative wife but the law allows only one wife,ham
how are you doing hows the queen are you going for the royal wedding,ham
when i have stuff to sell ill tell you,ham
there bold 2 ltgt is that yours,ham
i know a few people i can hit up and fuck to the yes,ham
good afternoon on this glorious anniversary day my sweet j i hope this finds you happy and content my prey i think of you and send a teasing kiss from across the sea coaxing images of fond souveniers you cougarpen,ham
jus chillaxin what up,ham
hmm dunno leh mayb a bag 4 goigng out dat is not too small or jus anything except perfume smth dat i can keep,ham
is toshiba portege m100 gd,ham
that would be good û ill phone you tomo lunchtime shall i to organise something,ham
haiyoh maybe your hamster was jealous of million,ham
haha awesome be there in a minute,ham
no yes please been swimming,ham
hey j r u feeling any better hopeso hunny i amnow feelin ill ithink i may have tonsolitusaswell damn iam layin in bedreal bored lotsof luv me xxxx,ham
thought we could go out for dinner ill treat you seem ok,ham
also maaaan are you missing out,ham
can do lor,ham
love it daddy will make you scream with pleasure i am going to slap your ass with my dick,ham
freemsg claim ur 250 sms messagestext ok to 84025 nowuse web2mobile 2 ur mates etc join txt250com for 150pwk tc box139 la32wu 16 remove txtx or stop,spam
win a å£1000 cash prize or a prize worth å£5000,spam
watever relation u built up in dis world only thing which remains atlast iz lonlines with lotz n lot memories feeling,ham
winner as a valued network customer you hvae been selected to receive a å£900 reward to collect call 09061701444 valid 24 hours only acl03530150pm,spam
haha my legs and neck are killing me and my amigos are hoping to end the night with a burn think i could swing by in like an hour,ham
dear subscriber ur draw 4 å£100 gift voucher will b entered on receipt of a correct ans when was elvis presleys birthday txt answer to 80062,spam
thats cool where should i cum on you or in you,ham
yes im small kid and boost is the secret of my energy,ham
thank you do you generally date the brothas,ham
dont gimme that lip caveboy,ham
sorry was in the bathroom sup,ham
don no dawhats you plan,ham
i am literally in bed and have been up for like ltgt hours,ham
hi baby im cruisin with my girl friend what r u up 2 give me a call in and hour at home if thats alright or fone me on this fone now love jenny xxx,ham
or better still can you catch her and let ask her if she can sell ltgt for me,ham
fancy a shag i dointerested sextextukcom txt xxuk suzy to 69876 txts cost 150 per msg tncs on website x,spam
btw regarding that we should really try to see if anyone else can be our 4th guy before we commit to a random dude,ham
goodmorning today i am late for ltdecimalgt min,ham
wow v v impressed have funs shopping,ham
arun can u transfr me d amt,ham
aiyo a bit pai seh ì noe scared he dun rem who i am then die hee but he become better lookin oredi leh,ham
i just saw ron burgundy captaining a party boat so yeah,ham
yes but i dont care i need you bad princess,ham
yes just finished watching days of our lives i love it,ham
u call me alter at 11 ok,ham
just arrived see you in a couple days lt3,ham
tee hee off to lecture cheery bye bye,ham
ok im not sure what time i finish tomorrow but i wanna spend the evening with you cos that would be vewy vewy lubly love me xxx,ham
haf u found him i feel so stupid da v cam was working,ham
yun ahnow ì wkg wherebtw if ì go nus sc ìï wana specialise in wad,ham
what not under standing,ham
i guess it is useless calling u 4 something important,ham
welcome to ukmobiledate this msg is free giving you free calling to 08719839835 future mgs billed at 150p daily to cancel send go stop to 89123,spam
no thank you youve been wonderful,ham
r u still working now,ham
wot is u up 2 then bitch,ham
private your 2003 account statement for 07753741225 shows 800 unredeemed s i m points call 08715203677 identifier code 42478 expires 241004,spam
yeah whatever lol,ham
ìï ready then call me,ham
do you want a new nokia 3510i colour phone delivered tomorrow with 200 free minutes to any mobile 100 free text free camcorder reply or call 8000930705,spam
thanks for ve lovely wisheds you rock,ham
stop the story ive told him ive returned it and hes saying i should not re order it,ham
pass dis to all ur contacts n see wat u get redim in luv wid u blueu put a smile on my face purpleu r realy hot pinku r so swt orangei thnk i lyk u greeni realy wana go out wid u yelowi wnt u bck blackim jealous of u browni miss you nw plz giv me one color,ham
were trying to find a chinese food place around here,ham
eh ur laptop got no stock lei he say mon muz come again to take a look c got a not,ham
forgot it takes me 3 years to shower sorry where you atyour phone dead yet,ham
yo come over carlos will be here soon,ham
im ok wif it cos i like 2 try new things but i scared u dun like mah cos u said not too loud,ham
the affidavit says ltgt e twiggs st division g courtroom ltgt lttimegt am ill double check and text you again tomorrow,ham
im not coming over do whatever you want,ham
i cant wait to see you how were the photos were useful,ham
this message is free welcome to the new improved sex dogging club to unsubscribe from this service reply stop msgs150p 18 only,spam
bognor it is should be splendid at this time of year,ham
o we cant see if we can join denis and mina or does denis want alone time,ham
whatever juliana do whatever you want,ham
have you started in skye,ham
aight well head out in a few,ham
ok then no need to tell me anything i am going to sleep good night,ham
turns out my friends are staying for the whole show and wont be back til ltgt so feel free to go ahead and smoke that ltgt worth,ham
detroit the home of snow enjoy it,ham
hey now am free you can call me,ham
no am working on the ringing u thing but have whole houseful of screaming brats so am pulling my hair out loving u,ham
ha ha nan yalrigu heltiniiyo kothi chikku u shared many things wit meso far i didnt told any body and even uttered a word abt u if ur trusting me so much how can i tell these to others plz nxt time dont use those words to meok chikkub,ham
hey mr whats the name of that bill brison book the one about language and words,ham
doesnt g have class early tomorrow and thus shouldnt be trying to smoke at ltgt,ham
if you text on your way to cup stop that should work and that should be bus,ham
had the money issue weigh me down but thanks to you i can breathe easier now ill make sure you dont regret it thanks,ham
yo do you know anyone ltgt or otherwise able to buy liquor our guy flaked and right now if we dont get a hold of somebody its just 4 loko all night,ham
yup,ham
i have gone into get info bt dont know what to do,ham
excellent i spent ltgt years in the air force iraq and afghanistan i am stable and honest do you like traveling,ham
weightloss no more girl friends make loads of money on ebay or something and give thanks to god,ham
ok but i finish at 6,ham
nah i dont think he goes to usf he lives around here though,ham
todays vodafone numbers ending with 0089my last four digits are selected to received a å£350 award if your number matches please call 09063442151 to claim your å£350 award,spam
im not driving raining then ill get caught at e mrt station lor,ham
yes i posted a couple of pics on fb theres still snow outside too im just waking up,ham
same im at my great aunts anniversary party in tarpon springs,ham
i could ask carlos if we could get more if anybody else can chip in,ham
yup ok thanx,ham
for your chance to win a free bluetooth headset then simply reply back with adp,spam
the guy did some bitching but i acted like id be interested in buying something else next week and he gave it to us for free,ham
housemaid is the murderer coz the man was murdered on ltgt th january as public holiday all govtinstituitions are closedincluding post office,ham
fine i miss you very much,ham
o shore are you takin the bus,ham
yeah in fact he just asked if we needed anything like an hour ago when and how much,ham
freemsg you have been awarded a free mini digital camera just reply snap to collect your prize quizclub opt out stop 80122300pwk sprwm ph08704050406,spam
havent planning to buy later i check already lido only got 530 show in e afternoon u finish work already,ham
lyricalladie21f is inviting you to be her friend reply yes910 or no910 see her wwwsmsacuhmmross stop send stop frnd to 62468,spam
donû÷t give a flying monkeys wot they think and i certainly donû÷t mind any friend of mine and all that,ham
so you think i should actually talk to him not call his boss in the morning i went to this place last year and he told me where i could go and get my car fixed cheaper he kept telling me today how much he hoped i would come back in how he always regretted not getting my number etc,ham
then just eat a shit and wait for ur monkey face bitch u asshole,ham
message from i am at truro hospital on ext you can phone me here as i have a phone by my side,ham
or i go home first lar ì wait 4 me lor i put down my stuff first,ham
just dropped em off omw back now,ham
s8 min to go for lunch,ham
shall i come to get pickle,ham
you know wot people wear t shirts jumpers hat belt is all we know we r at cribbs,ham
lol well dont do it without me we could have a big sale together,ham
hey congrats 2u2 id luv 2 but ive had 2 go home,ham
they said if its gonna snow it will start around 8 or 9 pm tonite they are predicting an inch of accumulation,ham
two fundamentals of cool life walk like you are the king or walk like you dont care whoever is the king gud nyt,ham
u reach orchard already u wan 2 go buy tickets first,ham
yar lor how u noe u used dat route too,ham
our prashanthettans mother passed away last night pray for her and family,ham
oh god im gonna google nearby cliffs now,ham
your account has been credited with 500 free text messages to activate just txt the word credit to no 80488 tcs www80488biz,spam
baaaaabe i misss youuuuu where are you i have to go and teach my class at 5,ham
yup having my lunch buffet now u eat already,ham
yeah i should be able to ill text you when im ready to meet up,ham
i want to go to perumbavoor,ham
i will see in half an hour,ham
ya just telling abt tht incident,ham
you are not bothering me but you have to trust my answers pls,ham
hmmmbut you should give it on one day,ham
just buy a pizza meat lovers or supreme u get to pick,ham
oh really perform write a paper go to a movie and be home by midnight huh,ham
congratulations ur awarded either a yrs supply of cds from virgin records or a mystery gift guaranteed call 09061104283 tscs wwwsmsconet å£150pm approx 3mins,spam
india have to take lead,ham
lol now im after that hot air balloon,ham
new theory argument wins d situation but loses the person so dont argue with ur friends just kick them amp say im always correct,ham
10 min later k,ham
leave it wif me lar ìï wan to carry meh so heavy is da num 98321561 familiar to ì,ham
lovely smell on this bus and it aint tobacco,ham
each moment in a dayhas its own valuemorning brings hopeafternoon brings faithevening brings luvnight brings restwish u find them all todaygood morning,ham
how come i din c ì yup i cut my hair,ham
big brother alert the computer has selected u for 10k cash or 150 voucher call 09064018838 ntt po box cro1327 18 bt landline cost 150ppm mobiles vary,spam
sir i am waiting for your call,ham
kkim also finewhen will you complete the course,ham
cool want me to go to kappa or should i meet you outside mu,ham
ok,ham
not from this campus are you in the library,ham
thanks for sending this mental ability question,ham
yeah sure give me a couple minutes to track down my wallet,ham
oh haha den we shld had went today too gee nvm la kaiez i dun mind goin jazz oso scared hiphop open cant catch up,ham
babe i lost you will you try rebooting,ham
sorry brah just finished the last of my exams what up,ham
if we win its really no 1 side for long time,ham
k i will sent it again,ham
kkare you in college,ham
urgent your mobile no 07xxxxxxxxx won a å£2000 bonus caller prize on 020603 this is the 2nd attempt to reach you call 09066362231 asap box97n7qp 150ppm,spam
i dun believe u i thk u told him,ham
my friend shes studying at warwick weve planned to go shopping and to concert tmw but it may be canceled havnt seen for ages yeah we should get together sometime,ham
cps is causing the outages to conserve energy,ham
only 2 students solved this cat question in xam 532 ltgt 924 ltgt 863 ltgt then 725 tell me the answer if u r brilliant1thingi got d answr,ham
haha sounds crazy dunno can tahan anot,ham
oh mr sheffield you wanna play that game okay youre the boss and im the nanny you give me a raise and ill give you one,ham
claire here am havin borin time am now alone u wanna cum over 2nite chat now 09099725823 hope 2 c u luv claire xx callså£1minmoremobsemspobox45po139wa,spam
nope i waiting in sch 4 daddy,ham
hurry up ive been weeddeficient for like three days,ham
i was about to do it when i texted i finished a long time ago and showered and erything,ham
another month i need chocolate weed and alcohol,ham
hi dis is yijue i would be happy to work wif ì all for gek1510,ham
is ur lecture over,ham
the guy kadeem hasnt been selling since the break i know one other guy but hes paranoid as fuck and doesnt like selling without me there and i cant be up there til late tonight,ham
they have a thread on the wishlist section of the forums where ppl post nitro requests start from the last page and collect from the bottom up,ham
kkits goodwhen are you going,ham
ive sent ì my part,ham
kkapo kgood movie,ham
im on da bus going home,ham
send ur birthdate with month and year i will tel u ur life partners name and the method of calculation reply must,ham
you have 1 new message please call 08712400200,spam
spoke with uncle john today he strongly feels that you need to sacrifice to keep me here hes going to call you when he does i beg you to just listen dont make any promises or make it clear things are not easy and i need you to please let us work things out as long as i keep expecting help my creativity will be stifled so pls just keep him happy no promises on your part,ham
how long has it been since you screamed princess,ham
filthy stories and girls waiting for your,spam
lol alright i was thinkin that too haha,ham
reply to win å£100 weekly what professional sport does tiger woods play send stop to 87239 to end service,spam
ok going to sleep hope i can meet her,ham
cause im not freaky lol,ham
hi di is yijue were meeting at 7 pm at esaplanade tonight,ham
lol well quality aint bad at all so i aint complaining,ham
no problem baby is this is a good time to talk i called and left a message,ham
someone u know has asked our dating service 2 contact you cant guess who call 09058095107 now all will be revealed pobox 7 s3xy 150p,spam
dont look back at the building because you have no coat and i dont want you to get more sick just hurry home and wear a coat to the gym,ham
how much is blackberry bold2 in nigeria,ham
ok c ya,ham
hey i will be really pretty late you want to go for the lesson first i will join you im only reaching tp mrt,ham
lol they were mad at first but then they woke up and gave in,ham
i probably wont eat at all today i think im gonna pop how was your weekend did u miss me,ham
this pen thing is beyond a joke wont a biro do dont do a masters as cant do this ever again,ham
u coming 2 pick me,ham
i meant as an apology from me for texting you to get me drugs at ltgt at night,ham
i feel like a dick because i keep sleeping through your texts and facebook messages sup you in town,ham
ummmawill call after check inour life will begin from qatar so pls pray very hard,ham
kkhow is your business now,ham
8007 free for 1st week no1 nokia tone 4 ur mob every week just txt nokia to 8007 get txting and tell ur mates wwwgetzedcouk pobox 36504 w4 5wq norm 150ptone 16,spam
havent still waitin as usual ìï come back sch oredi,ham
wot student discount can u get on books,ham
hey are you angry with me reply me dr,ham
hey they r not watching movie tonight so ill prob b home early,ham
what are your new years plans,ham
me too baby i promise to treat you well i bet you will take good care of me,ham
can u look 4 me in da lib i got stuff havent finish yet,ham
think ur smart win å£200 this week in our weekly quiz text play to 85222 nowtcs winnersclub po box 84 m26 3uz 16 gbp150week,spam
sending you greetings of joy and happiness do have a gr8 evening,ham
said kiss kiss i cant do the sound effects he is a gorgeous man isnt he kind of person who needs a smile to brighten his day,ham
yup bathe liao,ham
hi customer loyalty offerthe new nokia6650 mobile from only å£10 at txtauction txt word start to no 81151 get yours now 4tctxt tc 150pmtmsg,spam
haha mayb ure rite u know me well da feeling of being liked by someone is gd lor u faster go find one then all gals in our group attached liao,ham
88800 and 89034 are premium phone services call 08718711108,spam
nooooooo im gonna be bored to death all day cable and internet outage,ham
please call 08712402578 immediately as there is an urgent message waiting for you,spam
well good morning mr hows london treatin ya treacle,ham
cramps stopped going back to sleep,ham
i want to tel u one thing u should not mistake me k this is the message that you sent,ham
boltblue tones for 150p reply poly or mono eg poly3 1 cha cha slide 2 yeah 3 slow jamz 6 toxic 8 come with me or stop 4 more tones txt more,spam
huh so fast dat means u havent finished painting,ham
tell you what if you make a little spreadsheet and track whose idea it was to smoke to determine who smokes too much for the entire month of february ill come up,ham
merry christmas to you too babe i love ya kisses,ham
we took hooch for a walk toaday and i fell over splat grazed my knees and everything should have stayed at home see you tomorrow,ham
gudnitetcpractice going on,ham
will do have a good day,ham
i hate when she does this she turns what should be a fun shopping trip into an annoying day of how everything would look in her house,ham
whenevr ur sad whenevr ur gray remembr im here 2 listn 2 watevr u wanna say jus walk wid me a little whileamp i promise ill bring back ur smile,ham
reading gud habit nan bari hudgi yorge pataistha ertini kano,ham
i love to cuddle i want to hold you in my strong arms right now,ham
is there a reason weve not spoken this year anyways have a great week and all the best in your exam,ham
hmm ok ill stay for like an hour cos my eye is really sore,ham
playin space poker u,ham
dont pack what you can buy at any storelike cereals if you must pack food pack gari or something 9ja that you will miss,ham
your next amazing xxx picsfree1 video will be sent to you enjoy if one vid is not enough for 2day text back the keyword picsfree1 to get the next video,spam
this is the 2nd attempt to contract u you have won this weeks top prize of either å£1000 cash or å£200 prize just call 09066361921,spam
do u konw waht is rael friendship im gving yuo an exmpel jsut ese tihs msg evrey splleing of tihs msg is wrnog bt sitll yuo can raed it wihtuot ayn mitsake goodnight amp have a nice sleepsweet dreams,ham
aight thatll work thanks,ham
ya ok then had dinner,ham
not yet chikkuk then wat abt tht guy did he stopped irritating or msging to u,ham
im sorry bout last nite it wasnåõt ur fault it was me spouse it was pmt or sumthin u 4give me i think u shldxxxx,ham
same wana plan a trip sometme then,ham
well balls time to make calls,ham
yo chad which gymnastics class do you wanna take the site says christians class is full,ham
i cant pick the phone right now pls send a message,ham
princess i like to make love ltgt times per night hope thats not a problem,ham
new textbuddy chat 2 horny guys in ur area 4 just 25p free 2 receive search postcode or at gaytextbuddycom txt one name to 89693,spam
1 tension face 2 smiling face 3 waste face 4 innocent face 5terror face 6cruel face 7romantic face 8lovable face 9decent face ltgt joker face,ham
how are you enjoying this semester take care brother,ham
watching tv lor y she so funny we bluff her 4 wat izzit because she thk its impossible between us,ham
if youre thinking of lifting me one then no,ham
from wwwapplausestorecom monthlysubscription50pmsg max6month tcsc web age16 2stop txt stop,spam
future is not what we planned for tomorrow it is the result of what we do today do the best in present enjoy the future,ham
87077 kick off a new season with 2wks free goals news to ur mobile txt ur club name to 87077 eg villa to 87077,spam
if i get there before you after your ten billion calls and texts so help me god,ham
wheres mummys boy is he being good or bad is he being positive or negative why is mummy being made to wait hmmmm,ham
you will go to walmart ill stay,ham
hmmm guess we can go 4 kb n power yoga haha dunno we can tahan power yoga anot thk got lo oso forgot liao,ham
ur awarded a city break and could win a å£200 summer shopping spree every wk txt store to 88039skilgmetscs087147403231winawkage16å£150perwksub,spam
hey whats up charles sorry about the late reply,ham
actually nvm got hella cash we still on for ltgt ish,ham
so its to be poking man everyday that they teach you in canada abi how are you just saying hi,ham
alex says hes not ok with you not being ok with it,ham
january male sale hot gay chat now cheaper call 08709222922 national rate from 15pmin cheap to 78pmin peak to stop texts call 08712460324 10pmin,spam
kkwhy cant you come here and search job,ham
aight yo dats straight dogg,ham
loosu go to hospital de dont let it careless,ham
oh thats late well have a good night and i will give u a call tomorrow iam now going to go to sleep night night,ham
yes princess toledo,ham
sorry went to bed early nightnight,ham
hello darling how are you today i would love to have a chat why dont you tell me what you look like and what you are in to sexy,spam
rats hey did u ever vote for the next themes,ham
yup but its not giving me problems now so mayb ill jus leave it,ham
all was well until slightly disastrous class this pm with my fav darlings hope day off ok coffee wld be good as cant stay late tomorrow same time place as always,ham
networking job is there,ham
i realise you are a busy guy and im trying not to be a bother i have to get some exams outta the way and then try the cars do have a gr8 day,ham
in xam hall boy asked girl tell me the starting term for dis answer i can den manage on my own after lot of hesitation n lookin around silently she said the intha ponnungale ipaditan,ham
wot u up 2 thout u were gonna call me txt bak luv k,ham
and by when youre done i mean now,ham
ill see if i can swing by in a bit got some things to take care of here firsg,ham
you always make things bigger than they are,ham
good morning pookie pie lol hope i didnt wake u up,ham
jus finish my lunch on my way home lor i tot u dun wan 2 stay in sch today,ham
do i i thought i put it back in the box,ham
cool text me when you head out,ham
hard live 121 chat just 60pmin choose your girl and connect live call 09094646899 now cheap chat uks biggest live service vu bcm1896wc1n3xx,spam
cheers for the card is it that time of year already,ham
what time you thinkin of goin,ham
shall i ask one thing if you dont mistake me,ham
just seeing your missed call my dear brother do have a gr8 day,ham
i am going to sao mu today will be done only at 12,ham
great have a safe trip dont panic surrender all,ham
huh so slow i tot u reach long ago liao u 2 more days only i 4 more leh,ham
omg it could snow here tonite,ham
you give us back my id proof and ltgt rs we wont allow you to work we will come to your home within days,ham
can not use foreign stamps in this country,ham
thatû÷s the thing with apes u can fight to the death to keep something but the minute they have it when u let go thats it,ham
am on my way,ham
what happen dear tell me,ham
daddy shu shu is looking 4 u u wan me 2 tell him ure not in singapore or wat,ham
hi where you you in home or calicut,ham
try to do something dear you read something for exams,ham
does daddy have a bb now,ham
you call him and tell now infront of them call him now,ham
sms auction you have won a nokia 7250i this is what you get when you win our free auction to take part send nokia to 86021 now hgsuite3422lands roww1jhl 16,spam
i absolutely love south park i only recently started watching the office,ham
private your 2003 account statement for shows 800 unredeemed s i m points call 08715203652 identifier code 42810 expires 29100,spam
do ì all wan 2 meet up n combine all the parts hows da rest of da project going,ham
hello just got here st andrewsboy its a long way its cold i will keep you posted,ham
then she dun believe wat,ham
my painful personal thought i always try to keep everybody happy all the time but nobody recognises me when i am alone,ham
my love i hope your not doing anything drastic dont you dare sell your pc or your phone,ham
i can take you at like noon,ham
win we have a winner mr t foley won an ipod more exciting prizes soon so keep an eye on ur mobile or visit wwwwin82050couk,spam
rose for redred for bloodblood for heartheart for u but u for me send tis to all ur friends including me if u like me if u get back 1u r poor in relation 2u need some 1 to support 3u r frnd 2 many 4some1 luvs u 5 some1 is praying god to marry u try it,ham
dearregret i cudnt pick calldrove down frm ctla now at cochin homeleft mobile in carente style ishtamayoohappy bakrid,ham
money you r a lucky winner 2 claim your prize text money 2 88600 over å£1million to give away ppt150x3normal text rate box403 w1t1jy,spam
hey leave it not a big deal take care,ham
total video converter free download type this in google search,ham
but my family not responding for anything now am in room not went to home for diwali but no one called me and why not coming it makes me feel like died,ham
are you still playing with gautham,ham
meet you in corporation st outside gap û you can see how my mind is working,ham
congratulations ur awarded either å£500 of cd gift vouchers free entry 2 our å£100 weekly draw txt music to 87066 tncs wwwldewcom 1 win150ppmx3age16,spam
well the general price is ltgt oz let me know ifwhenhow much you want,ham
thats the way you should stay oh,ham
warner village 83118 c colin farrell in swat this wkend warner village get 1 free med popcornjust show msgticketkioskvalid 4712 c tc kiosk reply sony 4 mre film offers,spam
it took mr owl 3 licks,ham
ur cashbalance is currently 500 pounds to maximize ur cashin now send go to 86688 only 150pmeg cc 08718720201 hgsuite3422lands roww1j6hl,spam
u meet other fren dun wan meet me ah muz b a guy rite,ham
im freezing and craving ice fml,ham
urgent your mobile no was awarded a å£2000 bonus caller prize on 020903 this is our 2nd attempt to contact you call 08718729755 box95qu,spam
dear voucher holder have your next meal on us use the following link on your pc 2 enjoy a 2 4 1 dining experiencehttpwwwvouch4mecometlpdiningasp,spam
don knowthis week im going to tirunelvai da,ham
call me when you get the chance plz lt3,ham
im already back home so no probably not,ham
thats good lets thank god please complete the drug have lots of water and have a beautiful day,ham
hi im sue i am 20 years old and work as a lapdancer i love sex text me live im i my bedroom now text sue to 89555 by textoperator g2 1da 150ppmsg 18,spam
r u sam p in eachother if we meet we can go 2 my house,ham
ok very good its all about making that money,ham
so ì pay first lar then when is da stock comin,ham
for sale arsenal dartboard good condition but no doubles or trebles,spam
a pure hearted person can have a wonderful smile that makes even hisher enemies to feel guilty for being an enemy so catch the world with your smile goodmorning amp have a smiley sunday,ham
haha hope ì can hear the receipt sound gd luck,ham
does not operate after ltgt or what,ham
wen did you get so spiritual and deep thats great,ham
hi mom we might be back later than ltgt,ham
noice text me when youre here,ham
are you happy baby are you alright did you take that job i hope your fine i send you a kiss to make you smile from across the sea kiss kiss,ham
aft i finish my lunch then i go str down lor ard 3 smth lor u finish ur lunch already,ham
free video camera phones with half price line rental for 12 mths and 500 cross ntwk mins 100 txts call mobileupd8 08001950382 or call2optout674,spam
i have 2 sleeping bags 1 blanket and paper and phone details anything else,ham
bugis oso near wat,ham
i had a good time too its nice to do something a bit different with my weekends for a change see ya soon,ham
hi its me you are probably having too much fun to get this message but i thought id txt u cos im bored and james has been farting at me all night,ham
well shes in for a big surprise,ham
fantasy football is back on your tv go to sky gamestar on sky active and play å£250k dream team scoring starts on saturday so register nowsky opt out to 88088,spam
k fyi im back in my parents place in south tampa so i might need to do the deal somewhere else,ham
were all getting worried over here derek and taylor have already assumed the worst,ham
did u get that message,ham
hey check it da i have listed da,ham
i want to grasp your pretty booty,ham
ill reach in ard 20 mins ok,ham
i love your ass do you enjoy doggy style,ham
a boy loved a gal he propsd bt she didnt mind he gv lv lttrs bt her frnds threw thm again d boy decided 2 aproach d gal dt time a truck was speeding towards d gal wn it was about 2 hit d girld boy ran like hell n saved her she asked hw cn u run so fast d boy replied boost is d secret of my energy n instantly d girl shouted our energy n thy lived happily 2gthr drinking boost evrydy moral of d story i hv free msgsd gud ni8,ham
lol no ouch but wish id stayed out a bit longer,ham
ur balance is now å£500 ur next question is who sang uptown girl in the 80s 2 answer txt ur answer to 83600 good luck,spam
pls go there today ltgt i dont want any excuses,ham
ill give her once i have it plus she said grinule greet you whenever we speak,ham
up to ì ìï wan come then come lor but i din c any stripes skirt,ham
we r outside already,ham
ah well that confuses things doesnû÷t it,ham
bbq this sat at mine from 6ish ur welcome 2 come,ham
hi darlin ive just got back and i had a really nice night and thanks so much for the lift see u tomorrow xxx,ham
i was wondering if it would be okay for you to call uncle john and let him know that things are not the same in nigeria as they r here that ltgt dollars is 2years sent and that you know its a strain but i plan to pay back every dime he gives every dime so for me to expect anything from you is not practical something like that,ham
no its truekdo u knw dis no ltgt,ham
whenwhere do i pick you up,ham
hi hope ur day good back from walk table booked for half eight let me know when ur coming over,ham
u in town alone,ham
you are a winner you have been specially selected to receive å£1000 cash or a å£2000 award speak to a live operator to claim call 087123002209am7pm cost 10p,spam
god asked what is forgiveness a little child gave lovely reply it is d wonderful fruit that a tree gives when it is being hurt by a stone good night,ham
please call 08712402779 immediately as there is an urgent message waiting for you,spam
you are everywhere dirt on the floor the windows even on my shirt and sometimes when i open my mouth you are all that comes flowing out i dream of my world without you then half my chores are out too a time of joy for me lots of tv shows ill see but i guess like all things you just must exist like rain hail and mist and when my time here is done you and i become one,ham
dude whats up how teresa hope you have been okay when i didnt hear from these people i called them and they had received the package since dec ltgt just thot yould like to know do have a fantastic year and all the best with your reading plus if you can really really bam first aid for usmle then your work is done,ham
what is your record for one night,ham
its a great day do have yourself a beautiful one,ham
that day you asked about anand number why,ham
well you told others youd marry them,ham
free 1st week entry 2 textpod 4 a chance 2 win 40gb ipod or å£250 cash every wk txt vpod to 81303 tscs wwwtextpodnet custcare 08712405020,spam
are you in town this is v important,ham
please call amanda with regard to renewing or upgrading your current tmobile handset free of charge offer ends today tel 0845 021 3680 subject to ts and cs,spam
bull your plan was to go floating off to ikea with me without a care in the world so i have to live with your mess another day,ham
how much r ì willing to pay,ham
aiyo please ì got time meh,ham
where are you lover i need you,ham
what you need you have a person to give na,ham
mom wants to know where you at,ham
hi babe its chloe how r u i was smashed on saturday night it was great how was your weekend u been missing me sp visionsmscom text stop to stop 150ptext,spam
as i entered my cabin my pa said happy bday boss i felt special she askd me 4 lunch after lunch she invited me to her apartment we went there,ham
the xmas story is peace the xmas msg is love the xmas miracle is jesus hav a blessed month ahead amp wish u merry xmas,ham
free msg get gnarls barkleys crazy ringtone totally free just reply go to this message right now,spam
sometimes heart remembrs someone very much forgets someone soon bcoz heart will not like everyone but liked ones will be remembered everytime bslvyl,ham
probably not im almost out of gas and i get some cash tomorrow,ham
sure but since my parents will be working on tuesday i dont really need a cover story,ham
hhahhaahahah rofl wtf nig was leonardo in your room or something,ham
k give me a sec breaking a ltgt at cstore,ham
si will take mokka players only,ham
hi my love how goes that day fuck this morning i woke and dropped my cell on the way down the stairs but it seems alright phews i miss you,ham
most of the tiime when i dont let you hug me its so i dont break into tears,ham
good morning my boytoy hows those yummy lips wheres my sexy buns now what do you do do you think of me do you crave me do you need me,ham
hey there glad u r better now i hear u treated urself to a digi cam is it good we r off at 9pm have a fab new year c u in coupla wks,ham
urgent your mobile number has been awarded with a å£2000 prize guaranteed call 09058094455 from land line claim 3030 valid 12hrs only,spam
i miss you so much im so desparate i have recorded the message you left for me the other day and listen to it just to hear the sound of your voice i love you,ham
oic cos me n my sis got no lunch today my dad went out so dunno whether 2 eat in sch or wat,ham
not much no fights it was a good nite,ham
keep ur problems in ur heart bcoz nobody will fight for u only u amp u have to fight for ur self amp win the battle vivekanand g 9t sd,ham
love it i want to flood that pretty pussy with cum,ham
for taking part in our mobile survey yesterday you can now have 500 texts 2 use however you wish 2 get txts just send txt to 80160 tc wwwtxt43com 150p,spam
be happy there i will come after noon,ham
oh ki think most of wi and nz players unsold,ham
you have an important customer service announcement call freephone 0800 542 0825 now,spam
then ì ask dad to pick ì up lar ìï wan 2 stay until 6 meh,ham
nah its straight if you can just bring bud or drinks or something thats actually a little more useful than straight cash,ham
i wonder if your phone battery went dead i had to tell you i love you babe,ham
dunno cos i was v late n when i reach they inside already but we ate spageddies lor its e gals who r laughing at me lor,ham
if i let you do this i want you in the house by 8am,ham
ok lor anyway i thk we cant get tickets now cos like quite late already u wan 2 go look 4 ur frens a not darren is wif them now,ham
your right ill make the appointment right now,ham
dont worry i guess hes busy,ham
dear all as we know ltgt th is the ltgt th birthday of our loving gopalettan we are planning to give a small gift on that day those who like to participate in that you are welcome please contact our admin team for more details,ham
nvm its ok,ham
it just seems like weird timing that the night that all you and g want is for me to come smoke is the same day as when a shitstorm is attributed to me always coming over and making everyone smoke,ham
sure if i get an acknowledgement from you that its astoundingly tactless and generally faggy to demand a blood oath fo,ham
sure whenever you show the fuck up gt,ham
shes fine good to hear from you how are you my dear happy new year oh,ham
yesim in office da,ham
where can download clear movies dvd copies,ham
hey you still want to go for yogasana coz if we end at cine then can go bathe and hav the steam bath,ham
dun need to use dial up juz open da browser n surf,ham
i take it we didnt have the phone callon friday can we assume we wont have it this year now,ham
slept i thinkthis time ltgt pm is not dangerous,ham
we still on for tonight,ham
better than bb if he wont use it his wife will or them doctor,ham
on hen night going with a swing,ham
sorry i cant text amp drive coherently see you in twenty,ham
goin to workout lor muz lose e fats,ham
free video camera phones with half price line rental for 12 mths and 500 cross ntwk mins 100 txts call mobileupd8 08001950382 or call2optout674,spam
i ask if u meeting da ge tmr nite,ham
i love working from home,ham
lara said she can loan me ltgt,ham
o well uv causes mutations sunscreen is like essential thesedays,ham
hey i will be late ah meet you at 945,ham
imagine you finally get to sink into that bath after i have put you through your paces maybe even having you eat me for a while before i left but also imagine the feel of that cage on your cock surrounded by the bath water reminding you always who owns you enjoy my cuck,ham
ah poor babyhope urfeeling bettersn luv probthat overdose of work hey go careful spk 2 u sn lots of lovejen xxx,ham
but im really really broke oh no amount is too small even ltgt,ham
depends on individual lor e hair dresser say pretty but my parents say look gong u kaypoh i also dunno wat she collecting,ham
hi chachi tried calling u now unable to reach u pl give me a missed cal once u c tiz msg kanagu,ham
prepare to be pleasured,ham
romcapspam everyone around should be responding well to your presence since you are so warm and outgoing you are bringing in a real breath of sunshine,spam
he says hell give me a call when his friends got the money but that hes definitely buying before the end of the week,ham
i jus hope its true that missin me cos im really missin him you havent done anything to feel guilty about yet,ham
therell be a minor shindig at my place later tonight you interested,ham
aiyah then i wait lor then u entertain me hee,ham
they can try they can get lost in fact tee hee,ham
good morning plz call me sir,ham
yo you guys ever figure out how much we need for alcohol jay and i are trying to figure out how much we can safely spend on weed,ham
ups which is 3days also and the shipping company that takes 2wks the other way is usps which takes a week but when it gets to lag you may have to bribe nipost to get your stuff,ham
hi dear we saw dear we both are happy where you my battery is low,ham
no that just means you have a fat head,ham
ah well that confuses things doesnt it i thought was friends with now maybe i did the wrong thing but i already sort of invited tho he may not come cos of money,ham
u 2,ham
wat r u doing,ham
your 2004 account for 07xxxxxxxxx shows 786 unredeemed points to claim call 08719181259 identifier code xxxxx expires 260305,spam
just sent again do you scream and moan in bed princess,ham
how to make a girl happy its not at all difficult to make girls happy u only need to be 1 a friend 2 companion 3 lover 4 chef ltgt good listener ltgt organizer ltgt good boyfriend ltgt very clean ltgt sympathetic ltgt athletic ltgt warm ltgt courageous ltgt determined ltgt true ltgt dependable ltgt intelligent ltgt psychologist ltgt pest exterminator ltgt psychiatrist ltgt healer ltgt stylist ltgt driver aaniye pudunga venaam,ham
yeah we wouldnt leave for an hour at least hows 4 sound,ham
jus finish bathing,ham
really i tot ur paper ended long ago but wat u copied jus now got use u happy lar i still haf 2 study,ham
are you willing to go for apps class,ham
nope wif my sis lor aft bathing my dog then i can bathe looks like its going 2 rain soon,ham
yay you better not have told that to 5 other girls either,ham
lol no just trying to make your day a little more interesting,ham
then dun wear jeans lor,ham
dunno lei he neva say,ham
i gotta collect da car at 6 lei,ham
alright tylers got a minor crisis and has to be home sooner than he thought so be here asap,ham
also tell him i said happy birthday,ham
so u wan 2 come for our dinner tonight a not,ham
im done im sorry i hope your next space gives you everything you want remember all the furniture is yours if im not around when you move it just lock all the locks and leave the key with jenne,ham
guessin you aint gonna be here before 9,ham
going thru a very different feelingwavering decisions and coping up with the same is the same individualtime will heal everything i believe,ham
ok,ham
senthil group company apnt 5pm,ham
yeah ill try to scrounge something up,ham
please call our customer service representative on freephone 0808 145 4742 between 9am11pm as you have won a guaranteed å£1000 cash or å£5000 prize,spam
can you do a mag meeting this avo at some point,ham
sno competition for him,ham
ugh gotta drive back to sd from la my butt is sore,ham
height of oh shit situation a guy throws a luv letter on a gal but falls on her brothers head whos a gay d,ham
i think you should go the honesty road call the bank tomorrow its the tough decisions that make us great people,ham
but your not here,ham
he says hi and to get your ass back to south tampa preferably at a kegger,ham
y cant u try new invention to flyim not joking,ham
ok lor ì reaching then message me,ham
wheres my boytoy i miss you what happened,ham
but im on a diet and i ate 1 too many slices of pizza yesterday ugh im always on a diet,ham
doing project w frens lor,ham
cool what time you think you can get here,ham
urgent ur å£500 guaranteed award is still unclaimed call 09066368327 now closingdate040902 claimcode m39m51 å£150pmmorefrommobile2bremovedmobypobox734ls27yf,spam
yes obviously but you are the eggspert and the potato headû speak soon,ham
now got tv 2 watch meh u no work today,ham
i keep ten rs in my shelf buy two egg,ham
hi darlin im on helens fone im gonna b up the princes 2 nite please come up tb love kate,ham
onum ela pa normal than,ham
hi this is yijue its regarding the 3230 textbook its intro to algorithms second edition im selling it for 50,ham
it so happens that there r 2waxsto do wat you want she can come and ill get her medical insurance and shell be able to deliver and have basic care im currently shopping for the right medical insurance for her so just give me til friday morning thats when ill see the major person that can guide me to the right insurance,ham
congratulations youve won youre a winner in our august å£1000 prize draw call 09066660100 now prize code 2309,spam
ok i go change also,ham
good afternoon my love how goes your day what are you up to i woke early and am online waiting for you hmmm italian boy is online i see grins,ham
not yet just id like to keep in touch and it will be the easiest way to do that from barcelona by the way how ru and how is the house,ham
camera quite good 101mega pixels 3optical and 5digital dooms have a lovely holiday be safe and i hope you hav a good journey happy new year to you both see you in a couple of weeks,ham
sorry left phone upstairs ok might be hectic but would be all my birds with one fell swoop its a date,ham
mystery solved just opened my email and hes sent me another batch isnt he a sweetie,ham
even if he my friend he is a priest call him now,ham
hope you are having a great day,ham
can i please come up now imin towndontmatter if urgoin outl8r just reallyneed 2docdplease dontplease dontignore mycalls u no thecd isvimportant tome 4 2moro,ham
awesome that gonna be soon or later tonight,ham
well you pay over like ltgt yrs so its not too difficult,ham
right on brah see you later,ham
mathews or tait or edwards or anderson,ham
you have an important customer service announcement from premier call freephone 0800 542 0578 now,spam
how about getting in touch with folks waiting for company just txt back your name and age to opt in enjoy the community 150psms,spam
free msg single find a partner in your area 1000s of real people are waiting to chat nowsend chat to 62220cncl send stopcs 08717890890å£150 per msg,spam
if you want to mapquest it or something look up usf dogwood drive thats the tiny street where the parking lot is,ham
do you want a new nokia 3510i colour phone delivered tomorrow with 200 free minutes to any mobile 100 free text free camcorder reply or call 08000930705,spam
k do i need a login or anything,ham
ok be careful dont text and drive,ham
really dun bluff me leh u sleep early too nite,ham
thanks again for your reply today when is ur visa coming in and r u still buying the gucci and bags my sister things are not easy uncle john also has his own bills so i really need to think about how to make my own money later sha,ham
take care and sleep wellyou need to learn to change in lifeyou only need to get convinced on thati will wait but no more conversations between usget convinced by that timeyour family is over for you in many sensesrespect them but not overemphasiseor u have no role in my life,ham
i told that am coming on wednesday,ham
tunde how are you doing this is just wishing you a great day abiola,ham
what does the dance river do,ham
my slave i want you to take 2 or 3 pictures of yourself today in bright light on your cell phone bright light,ham
shall i bring us a bottle of wine to keep us amused only joking iû÷ll bring one anyway,ham
babe have you got enough money to pick up bread and milk and ill give you it back when you get home,ham
may i call you later pls,ham
hi mobile no ltgt has added you in their contact list on wwwfullonsmscom it s a great place to send free sms to people for more visit fullonsmscom,ham
hey come online use msn we are all there,ham
yup no need ill jus wait 4 e rain 2 stop,ham
and several to you sir,ham
one of best dialogue in cute reltnship wen i die dont come near my body bcoz my hands may not come 2 wipe ur tears off that timegud ni8,ham
not planned yet going to join company on jan 5 onlydon know what will happen after that,ham
dear take care i am just reaching homelove u a lot,ham
ic there are a lotta childporn cars then,ham
december only had your mobile 11mths you are entitled to update to the latest colour camera mobile for free call the mobile update co free on 08002986906,spam
that said can you text him one more time,ham
dude im no longer a pisces im an aquarius now,ham
sian aft meeting supervisor got work 2 do liao u working now,ham
just sent it so what type of food do you like,ham
there are some nice pubs near here or there is frankie n bennys near the warner cinema,ham
or maybe my fat fingers just press all these buttons and it doesnt know what to do,ham
x course it 2yrs just so her messages on messenger lik you r sending me,ham
superb thought be grateful that u dont have everything u want that means u still have an opportunity to be happier tomorrow than u are today,ham
you are a winner u have been specially selected 2 receive å£1000 or a 4 holiday flights inc speak to a live operator 2 claim 0871277810910pmin 18,spam
i cant speak bcaz mobile have problem i can listen you but you cannt listen my voice so i calls you later,ham
hey boys want hot xxx pics sent direct 2 ur phone txt porn to 69855 24hrs free and then just 50p per day to stop text stopbcm sf wc1n3xx,spam
07732584351 rodger burns msg we tried to call you re your reply to our sms for a free nokia mobile free camcorder please call now 08000930705 for delivery tomorrow,spam
ok i msg u b4 i leave my house,ham
already one guy loving you,ham
cool we shall go and see have to go to tip anyway are you at home got something to drop in later so lets go to town tonight maybe mum can take us in,ham
hiya sorry didnt hav signal i havent seen or heard from and neither has which is unusual in itself ill put on the case and get him to sort it out hugs and snogs,ham
why must we sit around and wait for summer days to celebrate such a magical sight when the worlds dressed in white oooooh let there be snow,ham
i told your number to gautham,ham
happy birthday may all ur dreams come true,ham
ok thats great thanx a lot,ham
im gonna say no sorry i would but as normal am starting to panic about time sorry again are you seeing on tuesday,ham
449050000301 you have won a å£2000 price to claim call 09050000301,spam
fffff can you text kadeem or are you too far gone,ham
youve won tkts to the euro2004 cup final or å£800 cash to collect call 09058099801 b4190604 pobox 7876150ppm,spam
so that means you still think of teju,ham
free for 1st week no1 nokia tone 4 ur mob every week just txt nokia to 87077 get txting and tell ur mates zed pobox 36504 w45wq norm150ptone 16,spam
where are you what are you doing are yuou working on getting the pc to your moms did you find a spot that it would work i need you,ham
auction round 4 the highest bid is now å£54 next maximum bid is å£71 to bid send bids e g 10 to bid å£10 to 83383 good luck,spam
oops i was in the shower when u called hey a parking garage collapsed at university hospital see im not crazy stuff like that does happen,ham
thanx a lot 4 ur help,ham
you should change your fb to jaykwon thuglyfe falconerf,ham
okies ill go yan jiu too we can skip ard oso go cine den go mrt one blah blah blah,ham
hmm thinking lor,ham
k wat s tht incident,ham
somebody set up a website where you can play hold em using eve online spacebucks,ham
is that what time you want me to come,ham
dont let studying stress you out l8r,ham
multiply the numbers independently and count decimal points then for the division push the decimal places like i showed you,ham
i just lov this line hurt me with the truth i dont mind i wil toleratbcs ur my someone but never comfort me with a lie gud ni8 and sweet dreams,ham
what year and how many miles,ham
talk sexy make new friends or fall in love in the worlds most discreet text dating service just text vip to 83110 and see who you could meet,spam
im not smoking while people use wylie smokes too much to justify ruining my shit,ham
im fine babes aint been up 2 much tho saw scary movie yest its quite funny want 2mrw afternoon at town or mall or sumthinxx,ham
forwarded from 448712404000please call 08712404000 immediately as there is an urgent message waiting for you,spam
k sure am in my relatives home sms me de pls,ham
great i have to run now so ttyl,ham
what do u want for xmas how about 100 free text messages a new video phone with half price line rental call free now on 0800 0721072 to find out more,spam
great hope you are using your connections from mode men also cos you can never know why old friends can lead you to today,ham
isnt frnd a necesity in life imagine urself witout a frnd hwd u feel at ur colleg watll u do wth ur cell wat abt functions thnk abt events espell cared missed amp irritated u 4wrd it to all those dearloving frnds wthout whom u cant live i jst did it takecare goodmorning,ham
hello hun how ru its here by the way im good been on 2 dates with that guy i met in walkabout so far we have to meet up soon hows everyone else,ham
and my man carlos is definitely coming by mu tonight no excuses,ham
shit babe thasa bit messed upyeh she shudvetold u did urgran knowneway illspeak 2 u2moro wen im not asleep,ham
you are a very very very very bad girl or lady,ham
lol i really need to remember to eat when im drinking but i do appreciate you keeping me company that night babe smiles,ham
sweet heart how are you,ham
ugh hopefully the asus ppl dont randomly do a reformat,ham
men like shorter ladies gaze up into his eyes,ham
u should have made an appointment,ham
had your mobile 10 mths update to the latest cameravideo phones for free keep ur same number get extra free minstexts text yes for a call,spam
ok da i already planned i wil pick you,ham
who u talking about,ham
true deari sat to pray evening and felt soso i smsd you in some time,ham
but pls dont play in others life,ham
ya tel wats ur problem,ham
good evening this is roger how are you,ham
anything is valuable in only 2 situations first before getting it second after loosing it,ham
whos there say hi to our drugdealer,ham
c movie is juz last minute decision mah juz watch 2 lar but i tot ì not interested,ham
hey for me there is no leave on friday wait i will ask my superior and tell you,ham
ive got it down to a tea not sure which flavour,ham
k tell me anything about you,ham
well welp is sort of a semiobscure internet thing,ham
can you plz tell me the ans bslvyl sent via fullonsmscom,ham
got c i lazy to type i forgot ì in lect i saw a pouch but like not v nice,ham
get me out of this dump heap my mom decided to come to lowes boring,ham
are you the cutest girl in the world or what,ham
v skint too but fancied few bevieswaz gona go meet othrs in spoon but jst bin watchng planet earthsofa is v comfey if i dont make it hav gd night,ham
im back lemme know when youre ready,ham
645,ham
whats ur pin,ham
alright i have a new goal now,ham
thank you princess i want to see your nice juicy booty,ham
tell me whos this pls,ham
im awake oh whats up,ham
yeah like if it goes like it did with my friends imma flip my shit in like half an hour,ham
thanks for understanding ive been trying to tell sura that,ham
sorry dude dont know how i forgot even after dan reminded me sorry hope you guys had fun,ham
hey i booked the kb on sat already what other lessons are we going for ah keep your sat night free we need to meet and confirm our lodging,ham
7 wonders in my world 7th you 6th ur style 5th ur smile 4th ur personality 3rd ur nature 2nd ur sms and 1st ur lovely friendship good morning dear,ham
no da i am happy that we sit together na,ham
anything lor juz both of us lor,ham
get down in gandhipuram and walk to cross cut road right side ltgt street road and turn at first right,ham
im coming home 4 dinner,ham
yup thk of u oso boring wat,ham
just sing hu i think its also important to find someone female that know the place well preferably a citizen that is also smart to help you navigate through even things like choosing a phone plan require guidance when in doubt ask especially girls,ham
send me your id and password,ham
networking technical support associate,ham
my sis is catching e show in e afternoon so im not watching w her so c u wan 2 watch today or tmr lor,ham
sorry my roommates took forever it ok if i come by now,ham
uve been selected to stay in 1 of 250 top british hotels for nothing holiday valued at å£350 dial 08712300220 to claim national rate call bx526 sw73ss,spam
not heard from u4 a while call me now am here all night with just my knickers on make me beg for it like u did last time 01223585236 xx luv nikiyu4net,spam
hi good mornin thanku wish u d same,ham
what is your account number,ham
hurry home soup is done,ham
omg how did u know what i ate,ham
k ill be there before 4,ham
super dagood replacement for murali,ham
correct so how was work today,ham
nope im still in the market,ham
din i tell u jus now 420,ham
hi the sexychat girls are waiting for you to text them text now for a great night chatting send stop to stop this service,spam
thank you baby i cant wait to taste the real thing,ham
phony å£350 award todays voda numbers ending xxxx are selected to receive a å£350 award if you have a match please call 08712300220 quoting claim code 3100 standard rates app,spam
depends on quality if you want the type i sent boye faded glory then about 6 if you want ralphs maybe 2,ham
cbe is really good nowadayslot of shop and showroomscity is shaping good,ham
im not sure if its still available though,ham
i liked the new mobile,ham
and pls pls drink plenty plenty water,ham
2 and half years i missed your friendship,ham
nicenicehow is it working,ham
you have registered sinco as payee log in at icicibankcom and enter urn ltgt to confirm beware of frauds do not share or disclose urn to anyone,ham
you didnt complete your gist oh,ham
for my family happiness,ham
me also da i feel yesterday night wait til 2day night dear,ham
he needs to stop going to bed and make with the fucking dealing,ham
thanks for the temales it was wonderful thank have a great week,ham
hi this is yijue can i meet u at 11 tmr,ham
do you ever notice that when youre driving anyone going slower than you is an idiot and everyone driving faster than you is a maniac,spam
ive been searching for the right words to thank you for this breather i promise i wont take your help for granted and will fulfil my promise you have been wonderful and a blessing at all times,ham
hellohow u doingwhat u been up 2when will u b moving out of the flat cos i will need to arrange to pick up the lamp etc take care hello caroline,ham
show ur colours euro 2004 241 offer get an england flag 3lions tone on ur phone click on the following service message for info,spam
youve already got a flaky parent itsnot supposed to be the childs job to support the parentnot until theyre the ride age anyway im supposed to be there to support you and now ive hurt you unintentional but hurt nonetheless,ham
i love you you know can you feel it does it make your belly warm i wish it does my love i shall meet you in your dreams ahmad adoring kiss,ham
you unbelievable faglord,ham
the guy at the car shop who was flirting with me got my phone number from the paperwork and called and texted me im nervous because of course now he may have my address should i call his boss and tell him knowing this may get him fired,ham
can you call me plz your number shows out of coveragd area i have urgnt call in vasai amp have to reach before 4o clock so call me plz,ham
oooh bed ridden ey what are you thinking of,ham
ìï mean its confirmed i tot they juz say oni ok then,ham
we tried to contact you re our offer of new video phone 750 anytime any network mins half price rental camcorder call 08000930705 or reply for delivery wed,spam
jays getting really impatient and belligerent,ham
ok omw now you at castor,ham
hi darlin im missin u hope you are having a good time when are u back and what time if u can give me a call at home jess xx,ham
awww dat is sweet we can think of something to do he he have a nice time tonight ill probably txt u later cos im lonely xxx,ham
yo sorry was in the shower sup,ham
i just got home babe are you still awake,ham
pathaya enketa maraikara pa,ham
bring tat cd don forget,ham
im gonnamissu so muchi would say il send u a postcard buttheres aboutas much chance of merememberin asthere is ofsi not breakin his contract luv yaxx,ham
i got another job the one at the hospital doing data analysis or something starts on monday not sure when my thesis will got finished,ham
no go no openings for that room til after thanksgiving without an upcharge,ham
hi its in durban are you still on this number,ham
u attend ur driving lesson how many times a wk n which day,ham
home so we can always chat,ham
customer place i wil cal u sir,ham
themobhit the link to get a premium pink panther game the new no 1 from sugababes a crazy zebra animation or a badass hoody wallpaperall 4 free,spam
hope you enjoyed your new content text stop to 61610 to unsubscribe help08712400602450p provided by tones2youcouk,spam
all done all handed in dont know if mega shop in asda counts as celebration but thats what im doing,ham
i got your back do you have any dislikes in bed,ham
also andros ice etc etc,ham
u havenåõt lost me ill always b here 4ui didnåõt intend 2 hurt u but i never knew how u felt about me when iwasmarinethatåõs what itried2tell urmomi careabout u,ham
just do what ever is easier for you,ham
are you free nowcan i call now,ham
nice waitshould you be texting right now im not gonna pay your ticket ya know,ham
yes but i dont care cause i know its there,ham
you gonna ring this weekend or wot,ham
yeah we can probably swing by once my roommate finishes up with his girl,ham
aslamalaikkuminsha allah tohar beeen muht albi mufti mahfuuzmeaning same here,ham
yes ammaelife takes lot of turns you can only sit and try to hold the steering,ham
ok lor thanx ìï in school,ham
i thought slide is enough,ham
there is no sense in my foot and penis,ham
bangbabes ur order is on the way u should receive a service msg 2 download ur content if u do not goto wap bangb tv on ur mobile internetservice menu,spam
im gonna be home soon and i dont want to talk about this stuff anymore tonight k ive cried enough today,ham
lets use it next week princess,ham
there r many modelsony ericson also der ltgt it luks good bt i forgot modl no,ham
dont b floppy b snappy happy only gay chat service with photo upload call 08718730666 10pmin 2 stop our texts call 08712460324,spam
er enjoyin indians at the moyep sall good hehe hows bout u shexy pete xx,ham
sir goodmorning once free call me,ham
he is impossible to argue with and he always treats me like his sub like he never released me which he did and i will remind him of that if necessary,ham
pls send me a comprehensive mail about who im paying when and how much,ham
we made it eta at taunton is 1230 as planned hope thatû÷s still okday good to see you xx,ham
true it is passable and if you get a high score and apply for phd you get 5years of salary so it makes life easier,ham
74355 xmas iscoming ur awarded either å£500 cd gift vouchers free entry 2 r å£100 weekly draw txt music to 87066 tnc,spam
you are right though i cant give you the space you want and need this is really starting to become an issue i was going to suggest setting a definite move outif im still there after greece but maybe you are ready and should do it now,ham
solve d case a man was found murdered on ltdecimalgt ltgt afternoon 1his wife called police 2police questioned everyone 3wife siri was sleeping when the murder took place 4cook i was cooking 5gardener i was picking vegetables 6housemaid i went 2 d post office 7children we went 2 play 8neighbour we went 2 a marriage police arrested d murderer immediately whos it reply with reason if u r brilliant,ham
aiyar dun disturb u liao thk u have lots 2 do aft ur cupboard come,ham
have you seen whos back at holby,ham
will be office around 4 pm now i am going hospital,ham
twenty past five he said will this train have been to durham already or not coz i am in a reserved seat,ham
im watching lotr w my sis dis aft so u wan 2 meet me 4 dinner at nite a not,ham
thats cool i am a gentleman and will treat you with dignity and respect,ham
hey company elama po mudyadhu,ham
hello my love how went your day are you alright i think of you my sweet and send a jolt to your heart to remind you i love you can you hear it i screamed it across the sea for all the world to hear ahmad al hallaq is loved and owned possessive passionate kiss,ham
give her something to drink if she takes it and doesnt vomit then you her temp might drop if she unmits however let me know,ham
yeah so basically any time next week you can get away from your mom amp get up before 3,ham
just havent decided where yet eh,ham
free entry in 2 a wkly comp to win fa cup final tkts 21st may 2005 text fa to 87121 to receive entry questionstd txt ratetcs apply 08452810075over18s,spam
ywhere u at dogbreath its just sounding like jan c thatåõs al,ham
hey ive booked the 2 lessons on sun liao,ham
have you ever had one foot before,ham
its ok my arm is feeling weak cuz i got a shot so we can go another time,ham
and do you have any one that can teach me how to ship cars,ham
so gd got free ice cream i oso wan,ham
i remain unconvinced that this isnt an elaborate test of my willpower,ham
ok i din get ur msg,ham
wat time do u wan 2 meet me later,ham
sunshine hols to claim ur med holiday send a stamped self address envelope to drinks on us uk po box 113 bray wicklow eire quiz starts saturday unsub stop,spam
tomarrow i want to got to court at ltdecimalgt so you come to bus stand at 9,ham
therere some people by mu im at the table by lambda,ham
do you always celebrate nys with your family,ham
send me your resume,ham
hui xin is in da lib,ham
been running but only managed 5 minutes and then needed oxygen might have to resort to the roller option,ham
sir send to group mail check it,ham
im in solihull do you want anything,ham
i wont get concentration dear you know you are my mind and everything,ham
dont forget though that i love you and i walk beside you watching over you and keeping your heart warm,ham
mah b ill pick it up tomorrow,ham
u have a secret admirer who is looking 2 make contact with ufind out who they rreveal who thinks ur so specialcall on 09058094565,spam
as a valued customer i am pleased to advise you that following recent review of your mob no you are awarded with a å£1500 bonus prize call 09066368470,spam
as in different styles,ham
you will be receiving this weeks triple echo ringtone shortly enjoy it,spam
gsoh good with spam the ladiesu could b a male gigolo 2 join the uks fastest growing mens club reply oncall mjzgroup 087143423992stop reply stop msgå£150rcvd,spam
howz that persons story,ham
r we still meeting 4 dinner tonight,ham
teach me apps da when you come to college,ham
hi here have birth at on the to at 8lb 7oz mother and baby doing brilliantly,ham
yep the great loxahatchee xmas tree burning of ltgt starts in an hour,ham
happy new years melody,ham
as in missionary hook up doggy hook up standing,ham
just sleepingand surfing,ham
im e person whos doing e sms survey,ham
im home ard wat time will u reach,ham
i dont know ask to my brother nothing problem some thing that just i told,ham
83039 62735å£450 uk break accommodationvouchers terms conditions apply 2 claim you mustprovide your claim number which is 15541,spam
hmmmstill we dont have opener,ham
okie thanx,ham
babes i think i got ur brolly i left it in english wil bring it in 2mrw 4 u luv franxx,ham
xmas prize draws we are trying to contact u todays draw shows that you have won a å£2000 prize guaranteed call 09058094565 from land line valid 12hrs only,spam
dear 0776xxxxxxx uve been invited to xchat this is our final attempt to contact u txt chat to 86688 150pmsgrcvdhgsuite3422landsroww1j6hl ldn 18yrs,spam
yup its at paragon i havent decided whether 2 cut yet hee,ham
poyyarikaturkolathupalayamunjalur posterode dis ltgt,ham
so what did the bank say about the money,ham
but thats on ebay it might be less elsewhere,ham
are your freezing are you home yet will you remember to kiss your mom in the morning do you love me do you think of me are you missing me yet,ham
i have printed it oh so ltgt come upstairs,ham
then get some cash together and ill text jason,ham
i promise to take good care of you princess i have to run now please send pics when you get a chance ttyl,ham
urgent your mobile no 077xxx won a å£2000 bonus caller prize on 020603 this is the 2nd attempt to reach you call 09066362206 asap box97n7qp 150ppm,spam
have a great trip to india and bring the light to everyone not just with the project but with everyone that is lucky to see you smile bye abiola,ham
you still at grand prix,ham
desires u going to doctor 4 liver and get a bit stylish get ur hair managed thats it,ham
hiya have u been paying money into my account if so thanks got a pleasant surprise when i checked my balance u c i dont get statements 4 that acc,ham
freemsg 1month unlimited free calls activate smartcall txt call to no 68866 subscriptn3gbpwk unlimited calls help 08448714184 stoptxt stop landlineonly,spam
come to medical college at 7pm forward it da,ham
stupid auto correct on my phone,ham
we have to pick rayan macleran there,ham
its ok at least armands still around,ham
a gram usually runs like ltgt a half eighth is smarter though and gets you almost a whole second gram for ltgt,ham
hey tmr meet at bugis 930,ham
good afternoon sunshine how dawns that day are we refreshed and happy to be alive do we breathe in the air and smile i think of you my love as always,ham
babe i miiiiiiissssssssss you i need you i crave you geeee im so sad without you babe i love you,ham
im on my way home went to change batt 4 my watch then go shop a bit lor,ham
where u been hiding stranger,ham
thnx dude u guys out 2nite,ham
where are you call me,ham
how come,ham
im glad you are following your dreams,ham
im still looking for a car to buy and have not gone 4the driving test yet,ham
yeah get the unlimited,ham
am not interested to do like that,ham
excellent are you ready to moan and scream in ecstasy,ham
hi frnd which is best way to avoid missunderstding wit our beloved ones,ham
my planning usually stops at find hella weed smoke hella weed,ham
best msg its hard to be with a person when u know that one more step foward will make u fall in love amp one step back can ruin ur friendship good night,ham
happy new year my no1 man,ham
fuck cedar key and fuck her come over anyway tho,ham
ssindia going to draw the series after many years in south african soil,ham
go where n buy juz buy when we get there lar,ham
what u mean u almost done done wif sleeping but i tot u going to take a nap yup i send her liao so im picking her up at ard 4 smth lor,ham
its a site to simulate the test it just gives you very tough questions to test your readiness,ham
neva mind its ok,ham
hello my little party animal i just thought id buzz you as you were with your friends grins reminding you were loved and send a naughty adoring kiss,ham
aiyar hard 2 type u later free then tell me then i call n scold n tell u,ham
i am in hospital da i will return home in evening,ham
i had askd u a question some hours before its answer,ham
sms services for your inclusive text credits pls goto wwwcomuknet login 3qxj9 unsubscribe with stop no extra charge help 08702840625comuk 220cm2 9ae,spam
want to send me a virtual hug i need one,ham
mum hope you are having a great day hoping this text meets you well and full of life have a great day abiola,ham
we know taj mahal as symbol of love but the other lesser known facts 1 mumtaz was shahjahans 4th wife out of his 7 wifes 2 shahjahan killed mumtazs husband to marry her 3 mumtaz died in her ltgt th delivery 4 he then married mumtazs sister question arises where the hell is the love the great hari,ham
it could work well reach a consensus at the next meeting,ham
do you think i can move ltgt in a week,ham
hello hows you and how did saturday go i was just texting to see if youd decided to do anything tomo not that im trying to invite myself or anything,ham
hey babe hows it going did you ever figure out where your going for new years,ham
u say leh of course nothing happen lar not say v romantic jus a bit only lor i thk e nite scenery not so nice leh,ham
jay is snickering and tells me that x is totally fucking up the chords as we speak,ham
sim watching it in live,ham
hello thanx for taking that call i got a job starts on monday,ham
pls call me da what happen,ham
okay same with me well thanks for the clarification,ham
yep get with the program youre slacking,ham
ugh just got outta class,ham
urgent please call 0906346330 your abta complimentary 4 spanish holiday or å£10000 cash await collection sae tcs box 47 po19 2ez 150ppm 18,spam
i donno its in your genes or something,ham
its normally hot mail com you see,ham
living is very simple loving is also simple laughing is too simple winning is tooo simple but being simple is very difficult gud nte,ham
goodmorning sleeping ga,ham
am okay will soon be over all the best,ham
congratulations thanks to a good friend u have won the å£2000 xmas prize 2 claim is easy just call 08718726978 now only 10p per minute btnationalrate,spam
urgent this is our 2nd attempt to contact u your å£900 prize from yesterday is still awaiting collection to claim call now 09061702893 acl03530150pm,spam
small problem in auctionpunj now asking tiwary,ham
shall call now dear having food,ham
kkthis month kotees birthday know,ham
just curious because my cuz asked what i was up to,ham
sounds gd haha can wah u yan jiu so fast liao,ham
i guess thats why you re worried you must know that theres a way the body repairs itself and im quite sure you shouldnt worry well take it slow first the tests they will guide when your ovulation is then just relax nothing youve said is a reason to worry but ill keep on followin you up,ham
lemme know when youre here,ham
and thats fine i got enough bud to last most of the night at least,ham
theoretically yeah he could be able to come,ham
great news call freefone 08006344447 to claim your guaranteed å£1000 cash or å£2000 gift speak to a live operator now,spam
sorry i missed you babe i was up late and slept in i hope you enjoy your driving lesson boytoy i miss you too teasing kiss,ham
they r giving a second chance to rahul dengra,ham
noits ful of song lyrics,ham
for you information ikea is spelled with all caps that is not yelling when you thought i had left you you were sitting on the bed among the mess when i came in i said we were going after you got home from class please dont try and bullshit me it makes me want to listen to you less,ham
important message this is a final contact attempt you have important messages waiting out our customer claims dept expires 13404 call 08717507382 now,spam
but ill b going 2 sch on mon my sis need 2 take smth,ham
okie thanx,ham
whatsup there dont u want to sleep,ham
spending new years with my brother and his family lets plan to meet next week are you ready to be spoiled,ham
im eatin now lor but goin back to work soon e mountain deer show huh i watch b4 liao very nice,ham
in case you wake up wondering where i am i forgot i have to take care of something for grandma today should be done before the parade,ham
aiyo u always c our ex one i dunno abt mei she haven reply first time u reply so fast y so lucky not workin huh got bao by ur sugardad ahgee,ham
hi msg meim in office,ham
this is ur face test 1 2 3 4 5 6 7 8 9 ltgt select any number i will tell ur face astrology am waiting quick reply,ham
baaaaaaaabe wake up i miss you i crave you i need you,ham
my sister going to earn more than me da,ham
how long does it take to get it,ham
err cud do im going to at 8pm i havent got a way to contact him until then,ham
yup no more already thanx 4 printing n handing it up,ham
what hello wats talks email address,ham
by the way rencontre is to meet again mountains dont,ham
as if i wasnt having enough trouble sleeping,ham
sorry da i gone mad so many pending works what to do,ham
ya even those cookies have jelly on them,ham
motivate behind every darkness there is a shining light waiting for you to find it behind every best friend there is always trust and love bslvyl,ham
yalru lyfu astne chikku bt innu mundhe lyf ali halla ke bilo marriageprogram edhae so lyf is nt yet ovr chikkuali vargu lyfu meow meowd,ham
came to look at the flat seems ok in his 50s is away alot wiv work got woman coming at 630 too,ham
you can stop further club tones by replying stop mix see mytonecomenjoy html for terms club tones cost gbp450week mfl po box 1146 mk45 2wt 23,spam
wats my dear doing sleeping ah,ham
cool ill text you when im on the way,ham
alright were all set here text the man,ham
ohas usual vijay film or its different,ham
get your garden ready for summer with a free selection of summer bulbs and seeds worth å£3350 only with the scotsman this saturday to stop go2 notxtcouk,spam
ìï log off 4 wat its sdryb8i,ham
from next month get upto 50 more calls 4 ur standard network charge 2 activate call 9061100010 c wire3net 1st4terms pobox84 m26 3uz cost å£150 min mobcudb more,spam
when people see my msgs they think iam addicted to msging they are wrong bcoz they dont know that iam addicted to my sweet friends bslvyl,ham
wait 2 minstand at bus stop,ham
can you do online transaction,ham
burger king wanna play footy at a top stadium get 2 burger king before 1st sept and go large or super with cocacola and walk out a winner,spam
a å£400 xmas reward is waiting for you our computer has randomly picked you from our loyal mobile customers to receive a å£400 reward just call 09066380611,spam
ok not much to do here though hm friday cant wait dunno wot the hell im gonna do for another 3 weeks become a slob oh wait already done that,ham
jane babes not goin 2 wrk feel ill after lst nite foned in already cover 4 me chuck,ham
pandy joined 4w technologies todayhe got job,ham
huh but i got lesson at 4 lei n i was thinkin of going to sch earlier n i tot of parkin at kent vale,ham
tell them no need to investigate about me anywhere,ham
am on the uworld site am i buying the qbank only or am i buying it with the self assessment also,ham
k wait chikkuil send aftr ltgt mins,ham
customer place i will call you,ham
been up to ne thing interesting did you have a good birthday when are u wrking nxt i started uni today,ham
sorry vikky im watching olave mandara movie kano in trishul theatre wit my frnds,ham
ok now i am in bus if i come soon i will come otherwise tomorrow,ham
ill meet you in the lobby,ham
i love u 2 my little pocy bell i am sorry but i love u,ham
do you want a new video handset 750 any time any network mins unlimited text camcorder reply or call now 08000930705 for del sat am,spam
ur ringtone service has changed 25 free credits go to club4mobilescom to choose content now stop txt club stop to 87070 150pwk club4 po box1146 mk45 2wt,spam
honestly ive just made a lovely cup of tea and promptly dropped my keys in it and then burnt my fingers getting them out,ham
happy birthday may u find ur prince charming soon n dun work too hard,ham
aah a cuddle would be lush id need lots of tea and soup before any kind of fumbling,ham
he didnt see his shadow we get an early spring yay,ham
do u still have plumbers tape and a wrench we could borrow,ham
had your mobile 11mths update for free to oranges latest colour camera mobiles unlimited weekend calls call mobile upd8 on freefone 08000839402 or 2stoptxt,spam
i have no idea where you are,ham
ok lor or u wan me go look 4 u,ham
wiskey brandy rum gin beer vodka scotch shampain wine kudiyarasu dhina vaazhthukkal,ham
sindu got job in birla soft,ham
hello damn this christmas thing i think i have decided to keep this mp3 that doesnt work,ham
wn u r hurt by d prsn who s close 2 u do fight wit dem coz somtimes dis fight saves a relation bt being quiet leaves nothin in a relation gud eveb,ham
loan for any purpose å£500 å£75000 homeowners tenants welcome have you been previously refused we can still help call free 0800 1956669 or text back help,spam
i dont run away frm u i walk slowly amp it kills me that u dont care enough to stop me,ham
lol that would be awesome payback,ham
im serious you are in the money base,ham
urgent your mobile was awarded a å£1500 bonus caller prize on 27603 our final attempt 2 contact u call 08714714011,spam
tmr timin still da same wat cos i got lesson until 6,ham
free msg ringtonefrom httptms widelivecomindex wmlid1b6a5ecef91ff937819firsttrue180430jul05,spam
update your face book status frequently,ham
moby pub quizwin a å£100 high street prize if u know who the new duchess of cornwall will be txt her first name to 82277unsub stop å£150 008704050406 sp,spam
want 2 get laid tonight want real dogging locations sent direct 2 ur mob join the uks largest dogging network by txting moan to 69888nyt ec2a 31pmsg150p,spam
wat time r ì going to xins hostel,ham
do u noe how 2 send files between 2 computers,ham
hot live fantasies call now 08707500020 just 20p per min ntt ltd po box 1327 croydon cr9 5wb 0870 is a national rate call,spam
now im going out 4 dinner soon,ham
just looked it up and addie goes back monday sucks to be her,ham
urgent your mobile no was awarded a å£2000 bonus caller prize on 10803 this is our 2nd attempt to contact you call 08714719523 box95qu bt national rate,spam
sure but make sure he knows we aint smokin yet,ham
not a lot has happened here feels very quiet beth is at her aunts and charlie is working lots just me and helen in at the mo how have you been,ham
going on nothing greatbye,ham
more people are dogging in your area now call 09090204448 and join like minded guys why not arrange 1 yourself theres 1 this evening aå£150 minapn ls278bb,spam
first answer my question,ham
i know complain num onlybettr directly go to bsnl offc nd apply for it,ham
alright see you in a bit,ham
alright well bring it to you see you in like ltgt mins,ham
5 nightswe nt staying at port step liaotoo ex,ham
awesome how do i deal with the gate charles told me last night but uh yeah,ham
no need to ke qi ìï too bored izzit y suddenly thk of this,ham
yay finally lol i missed our cinema trip last week,ham
hi its kate how is your evening i hope i can see you tomorrow for a bit but i have to bloody babyjontet txt back if u can xxx,ham
yes they replied my mail im going to the management office later plus will in to bank later alsoor on wednesday,ham
i dont know u and u dont know me send chat to 86688 now and lets find each other only 150pmsg rcvd hgsuite3422landsroww1j6hl ldn 18 years or over,spam
this phone has the weirdest auto correct,ham
haha dont be angry with yourself take it as a practice for the real thing,ham
hi juan im coming home on fri hey of course i expect a welcome party and lots of presents ill phone u when i get back loads of love nicky x x x x x x x x x,ham
yetunde im sorry but moji and i seem too busy to be able to go shopping can you just please find some other way to get what you wanted us to get please forgive me you can reply free via yahoo messenger,ham
okmail dear dave this is your final notice to collect your 4 tenerife holiday or 5000 cash award call 09061743806 from landline tcs sae box326 cw25wx 150ppm,spam
found it enc ltgt where you at,ham
if youre not in my car in an hour and a half im going apeshit,ham
yeah confirmed for you staying at that weekend,ham
sorry chikku my cell got some problem thts y i was nt able to reply u or msg u,ham
whatever im pretty pissed off,ham
its ok i noe ure busy but im really too bored so i msg u i oso dunno wat colour she choose 4 me one,ham
hi harishs rent has been transfred to ur acnt,ham
take us out shopping and mark will distract isaiahd,ham
and picking them up from various points,ham
ill hand her my phone to chat wit u,ham
yup ok,ham
one of the joys in lifeis waking up each daywith thoughts that somewheresomeone cares enough tosend a warm morning greeting,ham
we have new local dates in your area lots of new people registered in your area reply date to start now 18 only wwwflirtpartyus replys150,spam
idk im sitting here in a stop and shop parking lot right now bawling my eyes out because i feel like im a failure in everything nobody wants me and now i feel like im failing you,ham
we are hoping to get away by 7 from langport you still up for town tonight,ham
want a new video phone 750 anytime any network mins half price line rental free text for 3 months reply or call 08000930705 for free delivery,spam
his bday real is in april,ham
ok both our days so what are you making for dinner tonite am i invited,ham
just taste fish curry p,ham
are you there in room,ham
one small prestige problem now,ham
ok how you dear did you call chechi,ham
havent mus ask if u can 1st wat of meet 4 lunch den u n him meet can already lor or u wan 2 go ask da ge 1st then confirm w me asap,ham
package all your programs well,ham
ltgt thats all guess thats easy enough,ham
raviyog peripherals bhayandar east,ham
thanks love but am i doing torch or bold,ham
had your mobile 10 mths update to latest orange cameravideo phones for free save å£s with free textsweekend calls text yes for a callback orno to opt out,spam
but i have to i like to have love and arrange,ham
freemsg our records indicate you may be entitled to 3750 pounds for the accident you had to claim for free reply with yes to this msg to opt out text stop,spam
evry emotion dsnt hav wordsevry wish dsnt hav prayrs if u smiled world is wit uothrwise even d drop of tear dsnt lik 2 stay wit uso b happy good morning keep smiling,ham
i am great princess what are you thinking about me,ham
talk to g and x about that,ham
i always chat with you in fact i need money can you raise me,ham
all the lastest from stereophonics marley dizzee racal libertines and the strokes win nookii games with flirt click themob wap bookmark or text wap to 82468,spam
i cant describe how lucky you are that im actually awake by noon,ham
aathiwhere are you dear,ham
thats one of the issues but california is okay no snow so its manageable,ham
is she replying has boye changed his phone number,ham
are you being good baby,ham
so when you gonna get rimac access,ham
1000s of girls many local 2 u who r virgins 2 this r ready 2 4fil ur every sexual need can u 4fil theirs text cute to 69911å£150p m,spam
449071512431 urgent this is the 2nd attempt to contact uu have won å£1250 call 09071512433 b4 050703 tcsbcm4235wc1n3xx callcost 150ppm mobilesvary maxå£7 50,spam
welcome please reply with your age and gender to begin eg 24m,spam
yup,ham
hi mate its rv did u hav a nice hol just a message 3 say hello coz havenåõt sent u 1 in ages started driving so stay off roadsrvx,ham
im back amp were packing the car now ill let you know if theres room,ham
i wil be there with in ltgt minutes got any space,ham
did you see that film,ham
mum not going robinson already,ham
compliments to you was away from the system how your side,ham
whats your room number again wanna make sure im knocking on the right door,ham
at home watching tv lor,ham
mmm thats better now i got a roast down me iåõd b better if i had a few drinks down me 2 good indian,ham
hi this is amy we will be sending you a free phone number in a couple of days which will give you an access to all the adult parties,spam
come back to tampa ffffuuuuuuu,ham
it is a good thing im now getting the connection to bw,ham
congrats kanowhr s the treat maga,ham
aight ill get on fb in a couple minutes,ham
ive not called you in a while this is hoping it was l8r malaria and that you know that we miss you guys i miss bani big so pls give her my love especially have a great day,ham
you best watch what you say cause i get drunk as a motherfucker,ham
nokia phone is lovly,ham
wot u wanna do then missy,ham
hey next sun 1030 theres a basic yoga course at bugis we can go for that pilates intro next sat tell me what time you r free,ham
oh my love its soooo good to hear from you omg i missed you so much today im sorry your having problems with the provider but thank you for tming me,ham
i not busy juz dun wan 2 go so early hee,ham
no 1 nokia tone 4 ur mob every week just txt nok to 87021 1st tone free so get txtin now and tell ur friends 150ptone 16 reply hl 4info,spam
yeah thatd pretty much be the best case scenario,ham
darren was saying dat if u meeting da ge den we dun meet 4 dinner cos later u leave xy will feel awkward den u meet him 4 lunch lor,ham
mila age23 blonde new in uk i look sex with uk guys if u like fun with me text mtalk to 6986618 30pptxt 1st 5free å£150 increments help08718728876,spam
ya very nice be ready on thursday,ham
dunno i juz askin cos i got a card got 20 off 4 a salon called hair sense so i tot its da one ì cut ur hair,ham
in e msg jus now u said thanks for gift,ham
todays offer claim ur å£150 worth of discount vouchers text yes to 85023 now savamob member offers mobile t cs 08717898035 å£300 sub 16 unsub reply x,spam
i think if he rule tamilnaduthen its very tough for our people,ham
i asked you to call him now ok,ham
ill probably be by tomorrow or even later tonight if somethings going on,ham
ìï give me some time to walk there,ham
so are you guys asking that i get that slippers again or its gone with last year,ham
hot live fantasies call now 08707509020 just 20p per min ntt ltd po box 1327 croydon cr9 5wb 0870 is a national rate call,spam
gr8 so how do you handle the victoria island traffic plus whens the album due,ham
lord of the ringsreturn of the king in store nowreply lotr by 2 june 4 chance 2 win lotr soundtrack cds stdtxtrate reply stop to end txts,spam
total disappointment when i texted you was the craziest shit got,ham
kkgoodstudy well,ham
goodmorning today i am late for 1hr,ham
u have a secret admirer who is looking 2 make contact with ufind out who they rreveal who thinks ur so specialcall on 09065171142stopsms08718727870150ppm,spam
08714712388 between 10am7pm cost 10p,spam
mm you ask him to come its enough,ham
awesome plan to get here any time after like ltgt ill text you details in a wee bit,ham
if u sending her home first its ok lor im not ready yet,ham
sif we have one good partnership going we will take lead,ham
where at were hungry too,ham
hey i want you i crave you i miss you i need you i love you ahmad saeed al hallaq,ham
i dont have anybodys number i still havent thought up a tactful way to ask alex,ham
this pay is ltdecimalgt lakhs,ham
moji just informed me that you saved our lives thanks,ham
just wanted to say holy shit you guys werent kidding about this bud,ham
machan you go to gym tomorrow i wil come late goodnight,ham
aww thats the first time u said u missed me without asking if i missed u first you do love me,ham
our brand new mobile music service is now live the free music player will arrive shortly just install on your phone to browse content from the top artists,spam
oops i did have it ltgt,ham
make that 3 4 fucks sake x,ham
ur cashbalance is currently 500 pounds to maximize ur cashin now send go to 86688 only 150pmsg cc 08718720201 hgsuite3422lands roww1j6hl,spam
lol you wont feel bad when i use her money to take you out to a steak dinner d,ham
aight do you still want to get money,ham
so your telling me i coulda been your real valentine and i wasnt u never pick me for nothing,ham
dunno dats wat he told me ok lor,ham
havent stuck at orchard in my dads car going 4 dinner now u leh so r they free tonight,ham
tddnewsletteremc1couk more games from thedailydraw dear helen dozens of free games with great prizeswith,spam
ok lor but buy wat,ham
didnt you get hep b immunisation in nigeria,ham
ìï still attending da talks,ham
you busy or can i come by at some point and figure out what were doing tomorrow,ham
wat would u like 4 ur birthday,ham
ive not sent it he can send me,ham
dont worry 1 day very big lambu ji vl cometil then enjoy batchlor party,ham
hi did u decide wot 2 get 4 his bday if not ill prob jus get him a voucher frm virgin or sumfing,ham
sounds like you have many talents would you like to go on a dinner date next week,ham
i bought the test yesterday its something that lets you know the exact day u ovulatewhen will get 2u in about 2 to 3wks but pls pls dont fret i know u r worried pls relax also is there anything in ur past history u need to tell me,ham
customer place i will call you,ham
hello handsome are you finding that job not being lazy working towards getting back that net for mummy wheres my boytoy now does he miss me,ham
babe how goes that day what are you up to i miss you already my love loving kiss i hope everything goes well,ham
super msg danalla timing,ham
ok lor but not too early me still having project meeting now,ham
heehee that was so funny tho,ham
wanna get laid 2nite want real dogging locations sent direct to ur mobile join the uks largest dogging network txt park to 69696 now nyt ec2a 3lp å£150msg,spam
no youll just get a headache trying to figure it out u can trust me to do the math i promise o,ham
hey you can pay with salary de only ltgt,ham
i didnt get anything da,ham
you have won 1000 cash or a 2000 prize to claim call09050000327,spam
say thanks2,ham
get ready to put on your excellent sub face,ham
like ltgt same question,ham
aight can you text me the address,ham
got itmail panren paru,ham
short but cute be a good person but dont try to prove gud mrng,ham
haha my friend tyler literally just asked if you could get him a dubsack,ham
open rebtel with firefox when it loads just put plus sign in the user name place and it will show you two numbers the lower number is my number once you pick that number the pin will display okay,ham
hi darlin i cantdo anythingtomorrow as myparents aretaking me outfor a meal when are u free katexxx,ham
i sent my scores to sophas and i had to do secondary application for a few schools i think if you are thinking of applying do a research on cost also contact joke ogunrinde her school is one me the less expensive ones,ham
sorry its a lot of friendofafriend stuff im just now about to talk to the actual guy who wants to buy,ham
yo you around a friend of mines lookin to pick up later tonight,ham
so i asked hows anthony dad and your bf,ham
happy new year princess,ham
noooooooo please last thing i need is stress for once in your life be fair,ham
tired i havent slept well the past few nights,ham
welp apparently he retired,ham
company is very goodenvironment is terrific and food is really nice,ham
yup how ì noe leh,ham
keep my payasam there if rinu brings,ham
why dont you go tell your friend youre not sure you want to live with him because he smokes too much then spend hours begging him to come smoke,ham
id say thats a good sign but well you know my track record at reading women,ham
holy living christ what is taking you so long,ham
then cant get da laptop my matric card wif ì lei,ham
thanks for your ringtone order reference number x49your mobile will be charged 450 should your tone not arrive please call customer services 09065989182,spam
get 3 lions england tone reply lionm 4 mono or lionp 4 poly 4 more go 2 wwwringtonescouk the original n best tones 3gbp network operator rates apply,spam
friendship poem dear o dear u r not near but i can hear dont get fear live with cheer no more tear u r always my dear gud ni8,ham
you made my day do have a great day too,ham
my trip was ok but quite tiring lor uni starts today but its ok 4 me cos im not taking any modules but jus concentrating on my final yr project,ham
nobody names their penis a girls name this story doesnt add up at all,ham
sorry ill call later in meeting any thing related to trade please call arul ltgt,ham
book which lesson then you msg me i will call up after work or sth im going to get specs my membership is px3748,ham
change windows logoff sound,ham
sir i have been late in paying rent for the past few months and had to pay a ltgt charge i felt it would be inconsiderate of me to nag about something you give at great cost to yourself and thats why i didnt speak up i however am in a recession and wont be able to pay the charge this month hence my askin well ahead of months end can you please help thanks,ham
gent we are trying to contact you last weekends draw shows that you won a å£1000 prize guaranteed call 09064012160 claim code k52 valid 12hrs only 150ppm,spam
was actually sleeping and still might when u call back so a text is gr8 you rock sis will send u a text wen i wake,ham
never try alone to take the weight of a tear that comes out of ur heart and falls through ur eyes always remember a stupid friend is here to share bslvyl,ham
u r a winner u ave been specially selected 2 receive å£1000 cash or a 4 holiday flights inc speak to a live operator 2 claim 0871277810710pmin 18,spam
ill text carlos and let you know hang on,ham
hi its kate it was lovely to see you tonight and ill phone you tomorrow i got to sing and a guy gave me his card xxx,ham
jos ask if u wana meet up,ham
dear we got ltgt dollars hi hi,ham
its going goodno problembut still need little experience to understand american customer voice,ham
ok ive sent u da latest version of da project,ham
no wonder cos i dun rem seeing a silver car but i thk i saw a black one,ham
are you this much buzy,ham
ey calm downon theacusations itxt u cos iwana know wotu r doin at thewend haventcn u in agesring me if ur up4 nething satlove j xxx,ham
want the latest video handset 750 anytime any network mins half price line rental reply or call 08000930705 for delivery tomorrow,spam
for ur chance to win a å£250 cash every wk txt action to 80608 tscs wwwmovietriviatv custcare 08712405022 1x150pwk,spam
die i accidentally deleted e msg i suppose 2 put in e sim archive haiz i so sad,ham
i av a new number wil u only use this oneta,ham
not to worry im sure youll get it,ham
i didnt get ur full msgsometext is missing send it again,ham
doc prescribed me morphine cause the other pain meds arent enough waiting for my mom to bring it that med should kick in fast so im gonna try to be on later,ham
hey we can go jazz power yoga hip hop kb and yogasana,ham
i cant keep talking to people if am not sure i can pay them if they agree to price so pls tell me what you want to really buy and how much you are willing to pay,ham
i am in tirupur call you da,ham
gd luck 4 ur exams,ham
im ok will do my part tomorrow,ham
i might go 2 sch yar at e salon now v boring,ham
remember all those whom i hurt during days of satanic imposter in meneed to pay a priceso be itmay destiny keep me going and as u said pray that i get the mind to get over the same,ham
have you bookedthe hut and also your time off how are you by the way,ham
okey doke im at home but not dressed cos laying around ill speak to you later bout times and stuff,ham
urgent we are trying to contact you last weekends draw shows u have won a å£1000 prize guaranteed call 09064017295 claim code k52 valid 12hrs 150p pm,spam
after the drug she will be able to eat,ham
oh unintentionally not bad timing great fingers the trains play along will give fifteen min warning,ham
dear sirsalam alaikkumpride and pleasure meeting you today at the tea shopwe are pleased to send you our contact number at qatarrakhesh an indianpls save our numberrespectful regards,ham
nowadays people are notixiquating the laxinorficated opportunity for bambling of entropication have you ever oblisingately opted ur books for the masteriastering amplikater of fidalfication it is very champlaxigating i think it is atrocious wotz ur opinion junna,ham
in work now going have in few min,ham
thanks for your ringtone order reference number x49 your mobile will be charged 450 should your tone not arrive please call customer services 09065989182 from colourredtextcolourtxtstar,spam
yes princess are you going to make me moan,ham
jay says that youre a doublefaggot,ham
this is my number by vivek,ham
i dont thnk its a wrong calling between us,ham
fair enough anything going on,ham
stop knowing me so well,ham
dont know supports ass and srt i thnk i think ps3 can play through usb too,ham
no to be nosy i guess idk am i over reacting if im freaked,ham
i have to take exam with in march 3,ham
dear i am not denying your words please,ham
im turning off my phone my moms telling everyone i have cancer and my sister wont stop calling it hurts to talk cant put up with it see u when u get home love u,ham
now only i reached home i am very tired now i will come tomorro,ham
oops sorry just to check that you dont mind picking me up tomo at half eight from station would that be ok,ham
it should take about ltgt min,ham
do you mind if i ask what happened you dont have to say if it is uncomfortable,ham
got ur mail dileepthank you so muchand look forward to lots of supportvery less contacts hereremember one venugopal you mentionedtomorrow if not latei shall try to come up till theregoodnight dear,ham
leaving to qatar tonite in search of an opportunityall went fastpls add me in ur prayers dearrakhesh,ham
except theres a chick with huge boobs,ham
one day a crab was running on the sea shorethe waves came n cleared the footprints of the crab crab asked being my frnd y r u clearing my beautiful footprints waves replied a fox was following ur footprints to catch you thats y i cleared it off frndsship never lets u dwn gud nyt,ham
sms services for your inclusive text credits pls gotto wwwcomuknet login 3qxj9 unsubscribe with stop no extra charge help 08702840625 comuk220cm2 9ae,spam
i can call in ltgt min if thats ok,ham
but your brother transfered only ltgt ltgt pa,ham
cos daddy arranging time c wat time fetch ì mah,ham
thank u,ham
i finished my lunch already u wake up already,ham
love that holiday monday feeling even if i have to go to the dentists in an hour,ham
from here after the performance award is calculated every two monthnot for current one month period,ham
hi my engagement has been fixd on ltgt th of next month i know its really shocking bthmm njan vilikkamt ws al of a sudn,ham
no we sell it all so well have tons if coins then sell our coins to someone thru paypal voila money back in life pockets,ham
its cool let me know before it kicks off around ltgt ill be out and about all day,ham
you are guaranteed the latest nokia phone a 40gb ipod mp3 player or a å£500 prize txt word collect to no 83355 ibhltd ldnw15h 150pmtmsgrcvd18,spam
aight call me once youre close,ham
but i dint slept in afternoon,ham
you are a great role model you are giving so much and i really wish each day for a miracle but god as a reason for everything and i must say i wish i knew why but i dont ive looked up to you since i was young and i still do have a great day,ham
sitting ard nothing to do lor u leh busy w work,ham
is ur paper in e morn or aft tmr,ham
me 2 babe i feel the same lets just 4get about itboth try cheer upnot fit soo muchxxlove u locaxx,ham
hey no i ad a crap nite was borin without ya 2 boggy with me u boring biatch thanx but u wait til nxt time il ave ya,ham
xmas new years eve tickets are now on sale from the club during the day from 10am till 8pm and on thurs fri sat night this week theyre selling fast,spam
be sure to check your yahoo email we sent photos yesterday,ham
cold dont be sad dear,ham
theres no point hangin on to mr not right if hes not makin u happy,ham
hello boytoy geeee im missing you today i like to send you a tm and remind you im thinking of you and you are loved loving kiss,ham
hi happy birthday hi hi hi hi hi hi hi,ham
lol have you made plans for new years,ham
she doesnt need any test,ham
meeting u is my work tel me when shall i do my work tomorrow,ham
ok i will tell her to stay out yeah its been tough but we are optimistic things will improve this month,ham
no dear i was sleeping p,ham
no need for the drug anymore,ham
its cool but tyler had to take off so were gonna buy for him and drop it off at his place later tonight our total order is a quarter you got enough,ham
hey what happened u switch off ur cell d whole day this isnt good now if u do care give me a call tomorrow,ham
its okcome to my home it vl nice to meet and v can chat,ham
sorry ill call later ltgt mins,ham
you arent coming home between class right i need to work out and shower,ham
yes how is a pretty lady like you single,ham
not yet chikkuwat abt u,ham
ive sent my wife your text after we buy them shell tell you what to do so just relax we should go get them this wkend,ham
says that hes quitting at least5times a day so i wudnt take much notice of that nah she didnt mind are you gonna see him again do you want to come to taunton tonight u can tell me all about,ham
then any special there,ham
i will take care of financial problemi will help,ham
hey i missed you tm of last night as my phone was on the charge smiles i am meeting a friend shortly,ham
ok i thk i got it then u wan me 2 come now or wat,ham
ok good then i later come find ì c lucky i told ì to go earlier later pple take finish ì no more again,ham
want to finally have lunch today,ham
nope but im going home now then go pump petrol lor like going 2 rain soon,ham
hi there 2nights ur lucky night uve been invited 2 xchat the uks wildest chat txt chat to 86688 now 150pmsgrcvdhgsuite3422landsroww1j6hl ldn 18yrs,spam
i get out of class in bsn in like ltgt minutes you know where advising is,ham
ku also dont msg or reply to his msg,ham
i will treasure every moment we spend together,ham
great so what attracts you to the brothas,ham
no but we found a diff farm shop to buy some cheese on way back now can i call in,ham
thats ok i popped in to ask bout something and she said youd been in are you around tonght wen this girl comes,ham
o i played smash bros ltgt religiously,ham
ok then r we meeting later,ham
sports fans get the latest sports news str 2 ur mobile 1 wk free plus a free tone txt sport on to 8007 wwwgetzedcouk 0870141701216 norm 4txt120p,spam
wanna have a laugh try chitchat on your mobile now logon by txting the word chat and send it to no 8883 cm po box 4217 london w1a 6zf 16 118pmsg rcvd,spam
thats cool how was your day,ham
tonight yeah id be down for that,ham
and miss vday the parachute and double coins u must not know me very well,ham
dont pick up d call when something important is there to tell hrishi,ham
dai what this da can i send my resume to this id,ham
sometimes we put walls around our heartsnot just to be safe from getting hurt but to find out who cares enough to break the walls amp get closer goodnoon,ham
okie,ham
i wanted to ask ì to wait 4 me to finish lect cos my lect finishes in an hour anyway,ham
1s reach home call me,ham
sfrom the training manual it show there is no tech processits all about password reset and troubleshooting,ham
its not that time of the month nor mid of the time,ham
well i will watch shrek in 3db,ham
oh k kbut he is not a big hitteranyway good,ham
well join the ltgt bus,ham
sex up ur mobile with a free sexy pic of jordan just text babe to 88600 then every wk get a sexy celeb pocketbabecouk 4 more pics 16 å£3wk 087016248,spam
squeeeeeze this is christmas hug if u lik my frndshp den hug me back if u get 3 u r cute 6 u r luvd 9 u r so lucky none people hate u,ham
where did u go my phone is gonna die you have to stay in here,ham
messagesome text missing sendername missing number missing sentdate missing missing u a lot thats y everything is missing sent via fullonsmscom,ham
this pain couldnt have come at a worse time,ham
i will cal you sir in meeting,ham
love isnt a decision its a feeling if we could decide who to love then life would be much simpler but then less magical,ham
stupidits not possible,ham
ok u can take me shopping when u get paid d,ham
no way im going back there,ham
free ringtone text first to 87131 for a poly or text get to 87131 for a true tone help 0845 2814032 16 after 1st free tones are 3xå£150pw to eå£nd txt stop,spam
and hes apparently bffs with carly quick now,ham
hi hope u get this txtjourney hasnt been gdnow about 50 mins late i think,ham
no he didnt spring is coming early yay,ham
i tot u outside cos darren say u come shopping of course we nice wat we jus went sim lim look at mp3 player,ham
i dunno they close oredi not ìï v ma fan,ham
shuhui has bought rons present its a swatch watch,ham
complimentary 4 star ibiza holiday or å£10000 cash needs your urgent collection 09066364349 now from landline not to lose out box434sk38wp150ppm18,spam
get ur 1st ringtone free now reply to this msg with tone gr8 top 20 tones to your phone every week just å£150 per wk 2 opt out send stop 08452810071 16,spam
someone u know has asked our dating service 2 contact you cant guess who call 09058097189 now all will be revealed pobox 6 ls15hb 150p,spam
nan sonathaya soladha why boss,ham
hes in lag thats just the sad part but we keep in touch thanks to skype,ham
ìï come lt 25 n pass to me lar,ham
oh then your phone phoned me but it disconnected,ham
well keep in mind ive only got enough gas for one more round trip barring a sudden influx of cash,ham
u wan 2 haf lunch im in da canteen now,ham
datingi have had two of these only started after i sent a text to talk sport radio last week any connection do you think or coincidence,spam
no need lar jus testing e phone card dunno network not gd i thk me waiting 4 my sis 2 finish bathing so i can bathe dun disturb u liao u cleaning ur room,ham
some of them told accenture is not confirm is it true,ham
am in gobi arts college,ham
jokin only lar depends on which phone my father can get lor,ham
well done england get the official poly ringtone or colour flag on yer mobile text tone or flag to 84199 now optout txt eng stop box39822 w111wx å£150,spam
lol no u can trust me,ham
youd like that wouldnt you jerk,ham
is it ok if i stay the night here xavier has a sleeping bag and im getting tired,ham
i came hostel i m going to sleep plz call me up before class hrishi,ham
what i mean is do they come chase you out when its over or is it stated you can watch as many movies as you want,ham
yes princess i want to please you every night your wish is my command,ham
my parents my kidz my friends n my colleagues all screaming surprise and i was waiting on the sofa naked,ham
not able to do anything,ham
im leaving my house now,ham
mum ask ì to buy food home,ham
we got a divorce lol shes here,ham
reverse is cheating that is not mathematics,ham
never y lei i v lazy got wat dat day ì send me da url cant work one,ham
life has never been this much fun and great until you came in you made it truly special for me i wont forget you enjoy one gbpsms,spam
i dont know exactly could you ask chechi,ham
please call our customer service representative on 0800 169 6031 between 10am9pm as you have won a guaranteed å£1000 cash or å£5000 prize,spam
thanx but my birthday is over already,ham
accordingly i repeat just text the word ok on your mobile phone and send,spam
thats cool princess i will cover your face in hot sticky cum,ham
ìï collecting ur laptop then going to configure da settings izzit,ham
oh k why you got job then whats up,ham
sorry was at the grocers,ham
dont put your phone on silent mode ok,ham
urgh coach hot smells of chip fat thanks again especially for the duvet not a predictive text word,ham
gwr,ham
are you wet right now,ham
i liked your new house,ham
yupz ive oredi booked slots 4 my weekends liao,ham
in which place do you want da,ham
yup i havent been there before you want to go for the yoga i can call up to book,ham
i will vote for wherever my heart guides me,ham
ok ksry i knw 2 sivatats y i askd,ham
xmas offer latest motorola sonyericsson nokia free bluetooth or dvd double mins 1000 txt on orange call mobileupd8 on 08000839402 or call2optout4qf2,spam
anytime,ham
hey i almost forgot happy bday babe i love ya,ham
well you know what i mean texting,ham
haha awesome omw back now then,ham
excellent ill see what rileys plans are,ham
see the forwarding message for proof,ham
got but got 2 colours lor one colour is quite light n e other is darker lor actually im done shes styling my hair now,ham
congrats 2 mobile 3g videophones r yours call 09063458130 now videochat wid your mates play java games dload polyph music noline rentl,spam
youve always been the brainy one,ham
actually my mobile is full of msg and i m doing a work online where i need to send them ltgt sent msg i wil explain u later,ham
my mobile numberpls sms ur mail idconvey regards to achanammarakheshqatar,ham
im thinking that chennai forgot to come for auction,ham
never blame a day in ur life good days give u happiness bad days give u experience both are essential in life all are gods blessings good morning,ham
im nt goin got somethin on unless they meetin 4 dinner lor haha i wonder who will go tis time,ham
where are you what do you do how can you stand to be away from me doesnt your heart ache without me dont you wonder of me dont you crave me,ham
who are you seeing,ham
new car and house for my parentsi have only new job in hand,ham
am i that much dirty fellow,ham
aiyar sorry lor forgot 2 tell u,ham
having lunchyou are not in onlinewhy,ham
dude u knw also teluguthts gudk gud nyt,ham
have you heard about that job im going to that wildlife talk again tonight if u want2come its that2worzels and a wizzle or whatever it is,ham
ok that would b lovely if u r sure think about wot u want to do drinkin dancin eatin cinema in out about up to u wot about,ham
i do know what u mean is the king of not havin credit im goin2bed now night night sweet only1more sleep,ham
last chance claim ur å£150 worth of discount vouchers today text shop to 85023 now savamob offers mobile t cs savamob pobox84 m263uz å£300 sub 16,spam
how come guoyang go n tell her then u told her,ham
fine do you remember me,ham
omg if its not one thing its another my cat has worms when does this bad day end,ham
hmmm and imagine after youve come home from that having to rub my feet make me dinner and help me get ready for my date are you sure your ready for that kind of life,ham
fyi im at usf now swing by the room whenever,ham
but really quite funny lor wat then u shd haf run shorter distance wat,ham
û we r stayin here an extra week back next wed how did we do in the rugby this weekend hi to and and c u soon ham well theres still a bit left if you guys want to tonight,ham
only just got this message not ignoring you yes i was shopping that is,ham
just checked out heading out to drop off my stuff now,ham
tessypls do me a favor pls convey my birthday wishes to nimyapls dnt forget it today is her birthday shijas,ham
slaaaaave where are you must i summon you to me all the time now dont you wish to come to me on your own anymore,ham
ill probably be around mu a lot,ham
just come home i dont want u to be miserable,ham
damn can you make it tonight or do you want to just wait til tomorrow,ham
free top ringtone sub to weekly ringtoneget 1st week freesend subpoly to 816183 per weekstop sms08718727870,spam
yeah its jus rite,ham
free for 1st week no1 nokia tone 4 ur mobile every week just txt nokia to 8077 get txting and tell ur mates wwwgetzedcouk pobox 36504 w45wq 16 norm150ptone,spam
probably gonna be here for a while see you later tonight lt,ham
ok ill send you with in ltdecimalgt ok,ham
it to 80488 your 500 free text messages are valid until 31 december 2005,spam
then ur physics get a,ham
ok anyway no need to change with what you said,ham
ive reached home finally,ham
good night am going to sleep,ham
kind of took it to garage centre part of exhaust needs replacing part ordered n taking it to be fixed tomo morning,ham
jus finished avatar nigro,ham
no did you check i got his detailed message now,ham
havent seen my facebook huh lol,ham
helloooo wake up sweet morning welcomes you enjoy this day with full of joy gud mrng,ham
on the road so cant txt,ham
gud ni8 dearslp welltake careswt dreamsmuah,ham
dear friends sorry for the late information today is the birthday of our loving arpraveesh for more details log on to face book and see its his number ltgt dont miss a delicious treat,ham
when should i come over,ham
wow didnt think it was that common i take it all back ur not a freak unless u chop it off,ham
were somewhere on fredericksburg,ham
congrats 1 year special cinema pass for 2 is yours call 09061209465 now c suprman v matrix3 starwars3 etc all 4 free bx420ip45we 150pm dont miss out,spam
its ì© only 140 ardìä rest all ard 180 at leastwhich is ì© price 4 ì© 2 bedrm 900,ham
call me when u finish then i come n pick u,ham
haha yeah i see that now be there in a sec,ham
dear reached railway what happen to you,ham
thats y we haf to combine n c how lor,ham
wifehow she knew the time of murder exactly,ham
were done,ham
ard 515 like dat y,ham
cheers for the message zogtorius iåõve been staring at my phone for an age deciding whether to text or not,ham
forgot to tell ì smth can ì like number the sections so that its clearer,ham
im working technical support voice processnetworking field,ham
can you please send me my auntys number,ham
freemsg txt call to no 86888 claim your reward of 3 hours talk time to use from your phone now subscribe6gbpmnth inc 3hrs 16 stoptxtstop,spam
zoe it just hit me 2 im fucking shitin myself il defo try my hardest 2 cum 2morow luv u millions lekdog,ham
haha get used to driving to usf man i know a lot of stoners,ham
what are youdoing later sar xxx,ham
urgent this is the 2nd attempt to contact uu have won å£1000call 09071512432 b4 300603tcsbcm4235wc1n3xxcallcost150ppmmobilesvary maxå£7 50,spam
yeah we got one lined up for us,ham
no nothis is kallis home groundamla home town is durban,ham
if i start sending blackberry torch to nigeria will you find buyer for melike 4a month and tell dad not to buy bb from anyone oh,ham
no plans yet what are you doing,ham
honey boo im missing u,ham
mobile club choose any of the top quality items for your mobile 7cfca1a,spam
my sort code is and acc no is the bank is natwest can you reply to confirm ive sent this to the right person,ham
captain vijaykanth is doing comedy in captain tvhe is drunken,ham
thanks a lot for your wishes on my birthday thanks you for making my birthday truly memorable,ham
at home also,ham
you have an important customer service announcement from premier,spam
still at west coast haiz ìïll take forever to come back,ham
no objection my bf not coming,ham
so no messages had food,ham
what can i do might accidant tookplace between somewhere ghodbandar rd traffic moves slovely so plz slip amp dont worry,ham
my house here e sky quite dark liao if raining then got excuse not 2 run already rite hee,ham
well thats nice too bad i cant eat it,ham
awesome i remember the last time we got somebody high for the first time with diesel v,ham
babe how goes that day what are you doing where are you i sip my cappuccino and think of you my love i send a kiss to you from across the sea,ham
my no in luton 0125698789 ring me if ur around h,ham
love it the girls at the office may wonder why you are smiling but sore,ham
going for dinnermsg you after,ham
me too mark is taking forever to pick up my prescription and the pain is coming back,ham
mine here like all fr china then so noisy,ham
by monday next week give me the full gist,ham
yup song bro no creative neva test quality he said check review online,ham
my exam is for february 4 wish you a great day,ham
good morning princess happy new year,ham
you are always putting your business out there you put pictures of your ass on facebook you are one of the most open people ive ever met why would i think a picture of your room would hurt you make you feel violated,ham
it is only yesterday true true,ham
i said its okay sorry,ham
not directly behind abt 4 rows behind ì,ham
he will you guys close,ham
how much is torch in 9ja,ham
how tall are you princess,ham
do you want 750 anytime any network mins 150 text and a new video phone for only five pounds per week call 08000776320 now or reply for delivery tomorrow,spam
i wonder if youll get this text,ham
today am going to college so am not able to atten the class,ham
some friends want me to drive em someplace probably take a while,ham
dont you have message offer,ham
ive got ltgt any way i could pick up,ham
when are you going to ride your bike,ham
not getting anywhere with this damn job hunting over here,ham
go chase after her and run her over while shes crossing the street,ham
babe i lost you,ham
taka lor wat time u wan 2 come n look 4 us,ham
2mro i am not coming to gym machan goodnight,ham
did you stitch his trouser,ham
those ducking chinchillas,ham
kent vale lor ìï wait 4 me there ar,ham
i walked an hour 2 c u doesnåõt that show i care y wont u believe im serious,ham
i dont know same thing thats wrong everyso often he panicks starts goin on bout not bein good enough û,ham
how are you with moneyas in to youmoney aint a thinghow are you sha,ham
shall i send that exe to your mail id,ham
i can send you a pic if you like,ham
am not working but am up to eyes in philosophy so will text u later when a bit more free for chat,ham
we have sent jd for customer service cum accounts executive to ur mail id for details contact us,ham
hack chat get backdoor entry into 121 chat rooms at a fraction of the cost reply neo69 or call 09050280520 to subscribe 25p pm dps bcm box 8027 ldn wc1n3xx,spam
please charge my mobile when you get up in morning,ham
its a big difference ltgt versus ltgt every ltgt hrs,ham
thanks ill keep that in mind,ham
the worlds most happiest frnds never have the same characters dey just have the best understanding of their differences,ham
have a lovely night and when you wake up to see this message i hope you smile knowing all is as should be have a great morning,ham
somewhere out there beneath the pale moon light someone think in of u some where out there where dreams come true goodnite amp sweet dreams,ham
it didnt work again oh ok goodnight then ill fix and have it ready by the time you wake up you are very dearly missed have a good night sleep,ham
lol or i could just starve and lose a pound by the end of the day,ham
watching ajith film ah,ham
all sounds good fingers makes it difficult to type,ham
good morning my dear shijutta have a great amp successful day,ham
okay ive seen it so i should pick it on friday,ham
thank you so much when we skyped wit kz and sura we didnt get the pleasure of your company hope you are good weve given you ultimatum oh we are countin down to aburo enjoy this is the message i sent days ago,ham
dont give a monkeys wot they think and i certainly dont mind any friend of mineall that just dont sleep wiv that wud be annoyin,ham
can you say what happen,ham
gettin rdy to ship comp,ham
prakesh is there know,ham
delhi and chennai still silent,ham
mmm so yummy babe nice jolt to the suzy,ham
misplaced your number and was sending texts to your old number wondering why ive not heard from you this year all the best in your mcat got this number from my atlanta friends,ham
tell where you reached,ham
u goin out 2nite,ham
nothing will ever be easy but dont be looking for a reason not to take a risk on life and love,ham
you do your studies alone without anyones help if you cant no need to study,ham
just making dinner you,ham
nah wednesday when should i bring the mini cheetos bag over,ham
panasonic bluetoothhdset free nokia free motorola free doublemins doubletxt on orange contract call mobileupd8 on 08000839402 or call 2optout,spam
was doing my test earlier i appreciate you will call you tomorrow,ham
ur cashbalance is currently 500 pounds to maximize ur cashin now send go to 86688 only 150pmsg cc 08718720201 po box 11414 tcrw1,spam
how much you got for cleaning,ham
cool ill text you in a few,ham
yup but not studying surfing lor im in e lazy mode today,ham
i am taking half day leave bec i am not well,ham
someone has conacted our dating service and entered your phone because they fancy youto find out who it is call from landline 09111030116 pobox12n146tf15,spam
hey kate hope ur ok will give u a buz wedlunch go outsomewhere 4 adrink in towncud go 2watershd 4 a bit ppl fromwrk will bthere love petexxx,ham
wamma get laidwant real doggin locations sent direct to your mobile join the uks largest dogging network txt dogs to 69696 nownyt ec2a 3lp å£150msg,spam
look at the fuckin time what the fuck you think is up,ham
no just send to you bec you in temple na,ham
just forced myself to eat a slice im really not hungry tho this sucks mark is getting worried he knows im sick when i turn down pizza lol,ham
im outside islands head towards hard rock and youll run into me,ham
oic i saw him too but i tot he din c me i found a group liao,ham
i think just yourself ûthanks and see you tomo,ham
ive told him that ive returned it that should i re order it,ham
yeah jays sort of a fucking retard,ham
no plm i will come da on the way,ham
thanks for your subscription to ringtone uk your mobile will be charged å£5month please confirm by replying yes or no if you reply no you will not be charged,spam
where r we meeting,ham
and is there a way you can send shades stuff to her and she has been wonderful too,ham
k ill drinkpa then what doing i need srs model pls send it to my mail id pa,ham
oh i was thkin of goin yogasana at 10 den no nd to go at 3 den can rush to parco 4 nb okie lor u call me when ready,ham
howz painit will come down todaydo as i said ystrdayice and medicine,ham
customer service announcement we recently tried to make a delivery to you but were unable to do so please call 07090298926 to reschedule ref9307622,spam
greetings me consider yourself excused,ham
sorry you never hear unless you book it one was kinda a jokethet were really looking for skinny white girls the other was one lineyou can only do so much on camera with that something like that theyre casting on the look,ham
ryder unsoldnow gibbs,ham
jolly good by the way will give u tickets for sat eve 730 speak before then x,ham
then why you came to hostel,ham
yeah he got in at 2 and was v apologetic n had fallen out and she was actin like spoilt child and he got caught up in that till 2 but we wont go there not doing too badly cheers you,ham
left dessert u wan me 2 go suntec look 4 u,ham
hi i wont b ard 4 christmas but do enjoy n merry xmas,ham
die now i have e toot fringe again,ham
ew are you one of them,ham
can come my room but cannot come my house cos my house still messy haha,ham
all will come alivebetter correct any good looking figure there itself,ham
hey dont forget you are mine for me my possession my property mmm childish smile,ham
guess what somebody you know secretly fancies you wanna find out who it is give us a call on 09065394514 from landline datebox1282essexcm61xn 150pmin 18,spam
i luv u soo much u donåõt understand how special u r 2 me ring u 2morrow luv u xxx,ham
thats cool ill come by like ltgt ish,ham
sorry i will be able to get to you see you in the morning,ham
it doesnt make sense to take it there unless its free if you need to know more wikipediacom,ham
are you driving or training,ham
what happen dear why you silent i am tensed,ham
happy new year to u and ur familymay this new year bring happiness stability and tranquility to ur vibrant colourful life,ham
love you aathilove u lot,ham
im home my love if your still awake loving kiss,ham
sac needs to carry on,ham
are you in castor you need to see something,ham
ill text now all creepy like so he wont think that we forgot,ham
sorry datoday i wont come to playi have driving clas,ham
best line said in love i will wait till the day i can forget u or the day u realize that u cannot forget me gn,ham
lol no just was busy,ham
no it will reach by 9 only she telling she will be there i dont know,ham
hey darlin i can pick u up at college if u tell me wen where 2 mt love pete xx,ham
this weeks savamob member offers are now accessible just call 08709501522 for details savamob pobox 139 la3 2wu only å£150week savamob offers mobile,spam
oh well c u later,ham
thats cool hell be here all night lemme know when youre around,ham
im not sure i was just checking out what was happening around the area,ham
okay no no just shining on that was meant to be signing but that sounds better,ham
sms ac sptv the new jersey devils and the detroit red wings play ice hockey correct or incorrect end reply end sptv,spam
thats significant but dont worry,ham
lookatme thanks for your purchase of a video clip from lookatme youve been charged 35p think you can do better why not send a video in a mmsto 32323,spam
am i the only one who doesnt stalk profiles,ham
if i not meeting ì all rite then ill go home lor if ì dun feel like comin its ok,ham
kit strip you have been billed 150p netcollex ltd po box 1013 ig11 oja,spam
ill be in sch fr 46 i dun haf da book in sch its at home,ham
do u noe wat time e place dat sells 4d closes,ham
talk with yourself atleast once in a day otherwise you will miss your best friend in this world shakespeare shesil ltgt,ham
just woke up yeesh its late but i didnt fall asleep til ltgt am,ham
dont think you need yellow card for uk travel ask someone that has gone before if you do its just ltgt bucks,ham
whats happening with you have you gotten a job and have you begun registration for permanent residency,ham
i wan but too early lei me outside now wun b home so early neva mind then,ham
well the weather in calis great but its complexities are great you need a car to move freely its taxes are outrageous but all in all its a great place the sad part is i missing home,ham
we are supposed to meet to discuss abt our trip thought xuhui told you in the afternoon thought we can go for lesson after that,ham
i canåõt wait for cornwall hope tonight isnåõt too bad as well but itåõs rock night shite anyway iåõm going for a kip now have a good night speak to you soon,ham
so can collect ur laptop,ham
hello no news on job they are making me wait a fifth week yeah im up for some woozles and weasels in exeter still but be home about 3,ham
ill get there tomorrow and send it to you,ham
east coast,ham
go fool dont cheat others ok,ham
would really appreciate if you call me just need someone to talk to,ham
im really not up to it still tonight babe,ham
reckon need to be in town by eightish to walk from carpark,ham
what i told before i tell stupid hear after i wont tell anything to you you dad called to my brother and spoken not with me,ham
double eviction this week spiral and michael and good riddance to them,ham
lol i know theyre so dramatic schools already closed for tomorrow apparently we cant drive in the inch of snow were supposed to get,ham
okey dokey swashbuckling stuff what oh,ham
orange brings you ringtones from all time chart heroes with a free hit each week go to ringtones pics on wap to stop receiving these tips reply stop,spam
id onluy matters when getting on from offcampus,ham
sorry i now then c ur msg yar lor so poor thing but only 4 one night tmr ull have a brand new room 2 sleep in,ham
his frens go then he in lor not alone wif my mum n sis lor,ham
surely result will offer,ham
i have lost 10 kilos as of today,ham
i will once i get home,ham
does she usually take fifteen fucking minutes to respond to a yes or no question,ham
ok ìï finishing soon,ham
we walked from my moms right on stagwood pass right on winterstone left on victors hill address is ltgt,ham
nah cant help you there ive never had an iphone,ham
i was gonna ask you lol but i think its at 7,ham
no its not pride im almost ltgt years old and shouldnt be takin money from my kid youre not supposed to have to deal with this stuff this is grownup stuffwhy i dont tell you,ham
oh all have to come ah,ham
pls stop bootydelious 32f is inviting you to be her friend reply yes434 or no434 see her wwwsmsacubootydelious stop send stop frnd to 62468,spam
im in class did you get my text,ham
hidid you asked to waheeda fathima about leave,ham
hope this text meets you smiling if not then let this text give you a reason to smile have a beautiful day,ham
hows my loverboy doing what does he do that keeps him from coming to his queen hmmm doesnt he ache to speak to me miss me desparately,ham
ìï got wat to buy tell us then ì no need to come in again,ham
theyre doing it to lots of places only hospitals and medical places are safe,ham
hmmm thk sure got time to hop ard ya can go 4 free abt muz call u to discuss liao,ham
but am going to college pa what to do are else ill come there it self pa,ham
i knew it u slept v late yest wake up so late,ham
rct thnq adrian for u text rgds vatian,spam
hows the street where the end of library walk is,ham
whats up do you want me to come online,ham
hey looks like i was wrong and one of the kappa guys numbers is still on my phone if you want i can text him and see if hes around,ham
urgent please call 09066612661 from your landline your complimentary 4 lux costa del sol holiday or å£1000 cash await collection ppm 150 sae tcs james 28 eh74rr,spam
u r the most beautiful girl ive ever seen u r my baby come and c me in the common room,ham
jus finish watching tv u,ham
haha i think i did too,ham
waiti will come out ltgt min,ham
aiyo u so poor thing then u dun wan 2 eat u bathe already,ham
im so in love with you im excited each day i spend with you you make me so happy,ham
no did you multimedia message them or email,ham
gr8 new service live sex video chat on your mob see the sexiest dirtiest girls live on ur phone 4 details text horny to 89070 to cancel send stop to 89070,spam
anything lor u decide,ham
sounds like a plan cardiff is still here and still cold im sitting on the radiator,ham
white fudge oreos are in stores,ham
night sweet sleep well ive just been to see the exorcism of emily rose and may never sleep again hugs and snogs,ham
do u hav any frnd by name ashwini in ur college,ham
rose needs water season needs change poet needs imaginationmy phone needs ur sms and i need ur lovely frndship forever,ham
hiya hows it going in sunny africa hope u r avin a good time give that big old silver back a big kiss from me,ham
i am in escape theatre now going to watch kavalan in a few minutes,ham
jay told me already will do,ham
i thk u dun haf 2 hint in e forum already lor cos i told ron n darren is going 2 tell shuhui,ham
free any day but i finish at 6 on mon n thurs,ham
oh great ill disturb him more so that we can talk,ham
the ltgt g that i saw a few days ago the guy wants sell wifi only for ltgt and with 3g for ltgt thats why i blanked him,ham
ìï neva tell me how i noe im not at home in da aft wat,ham
pls speak with me i wont ask anything other then you friendship,ham
as usual u can call me ard 10 smth,ham
thats good because i need drugs,ham
i havent add ì yet right,ham
yun ahthe ubi one say if ì wan call by tomorrowcall 67441233 look for ireneere only got bus822656166382 ubi cresubi tech park6ph for 1st 5wkg daysì¬n,ham
do you want a new video phone750 anytime any network mins 150 text for only five pounds per week call 08000776320 now or reply for delivery tomorrow,spam
night night see you tomorrow,ham
26th of july,ham
no dahe is stupid daalways sending like thisdon believe any of those messagepandy is a mental,ham
yes its all innocent fun o,ham
yeah work is fine started last week all the same stuff as before dull but easy and guys are fun,ham
thank you so much when we skyped wit kz and sura we didnt get the pleasure of your company hope you are good weve given you ultimatum oh we are countin down to aburo enjoy,ham
i am on the way to ur home,ham
how is my boy no sweet words left for me this morning sighs how goes you day my love did you start your studying,ham
sorry ill call later in meeting,ham
first has she gained more than ltgt kg since she took in second has she done the blood sugar tests if she has and its ok and her blood pressure is within normal limits then no worries,ham
thx all will be well in a few months,ham
huh so early then ì having dinner outside izzit,ham
amazing if you rearrange these letters it gives the same meaning dormitory dirty room astronomer moon starer the eyes they see election results lies lets recount motherinlaw woman hitler eleven plus two twelve plus one its amazing,ham
time n smile r the two crucial things in our life sometimes time makes us to forget smile and sometimes someones smile makes us to forget time gud noon,ham
pls help me tell sura that im expecting a battery from hont and that if should pls send me a message about how to download movies thanks,ham
great i was getting worried about you just know that a wonderful and caring person like you will have only the best in life know that u r wonderful and gods love is yours,ham
yo my trip got postponed you still stocked up,ham
he neva grumble but i sad lor hee buy tmr lor aft lunch but we still meetin 4 lunch tmr a not neva hear fr them lei ìï got a lot of work ar,ham
hey sexy buns what of that day no word from you this morning on ym i think of you,ham
got smaller capacity one quite ex,ham
it does it on its own most of the time it fixes my spelling but sometimes it gets a completely diff word go figure,ham
i doubt you could handle 5 times per night in any case,ham
lol where do u come up with these ideas,ham
yesbut they said its it,ham
okay but i thought you were the expert,ham
lmao take a pic and send it to me,ham
missed your call cause i was yelling at scrappy miss u cant wait for u to come home im so lonely today,ham
ok i only ask abt e movie u wan ktv oso,ham
aight you close by or still down around alexs place,ham
fine if thatåõs the way u feel thatåõs the way its gota b,ham
hi hope u r both ok he said he would text and he hasnt have u seen him let me down gently please,ham
i thk ì gotta go home by urself cos ill b going out shopping 4 my frens present,ham
i am going to bed now prin,ham
i think asking for a gym is the excuse for lazy people i jog,ham
auntie huai juan never pick up her phone,ham
its ok if anybody asks abt me u tel themp,ham
hes really into skateboarding now despite the fact that he gets thrown off of it and winds up with bandages and shit all over his arms every five minutes,ham
please call 08712402902 immediately as there is an urgent message waiting for you,spam
when did i use soc i use it only at home ìï dunno how 2 type it in word ar,ham
as a registered subscriber yr draw 4 a å£100 gift voucher will b entered on receipt of a correct ans when are the next olympics txt ans to 80062,spam
hot live fantasies call now 08707509020 just 20p per min ntt ltd po box 1327 croydon cr9 5wb 0870k,spam
text meet someone sexy today u can find a date or even flirt its up to u join 4 just 10p reply with name age eg sam 25 18 msg recdthirtyeight pence,spam
thats a bit weird even where is the do supposed to be happening but good idea sure they will be in pub,ham
funny fact nobody teaches volcanoes 2 erupt tsunamis 2 arise hurricanes 2 sway aroundn no 1 teaches hw 2 choose a wife natural disasters just happens,ham
here got lots of hair dresser fr china,ham
oops am at my mums in somerset bit far back tomo see you soon x,ham
a lot of this sickness thing going round take it easy hope u feel better soon lol,ham
how are you holding up,ham
you at mu you should try to figure out how much money everyone has for gas and alcohol jay and i are trying to figure out our weed budget,ham
yup from what i remb i think should be can book,ham
123 congratulations in this weeks competition draw u have won the å£1450 prize to claim just call 09050002311 b4280703 tcsstop sms 08718727868 over 18 only 150ppm,spam
thanks for looking out for me i really appreciate,ham
spook up your mob with a halloween collection of a logo pic message plus a free eerie tone txt card spook to 8007 zed 08701417012150p per logopic,spam
pls pls find out from aunt nike,ham
sorry da thangam very very sorry i am held up with prasad,ham
u r too much close to my heart if u go away i will be shattered plz stay with me,ham
really do hope the work doesnt get stressful have a gr8 day,ham
yeah wheres your class at,ham
speaking of does he have any cash yet,ham
feel yourself that you are always happy slowly it becomes your habit amp finally it becomes part of your life follow it happy morning amp have a happy day,ham
forwarded from 21870000hi this is your mailbox messaging sms alert you have 40 matches please call back on 09056242159 to retrieve your messages and matches cc100pmin,spam
yes baby we can study all the positions of the kama sutra,ham
for many things its an antibiotic and it can be used for chest abdomen and gynae infections even bone infections,ham
what time iû÷m out until prob 3 or so,ham
enjoy the jamster videosound gold club with your credits for 2 new videosounds2 logosmusicnews get more fun from jamstercouk 16only help call 09701213186,spam
nvm take ur time,ham
try neva mate,ham
are you willing to go for aptitude class,ham
beautiful tomorrow never comes when it comes its already today in the hunt of beautiful tomorrow dont waste your wonderful today goodmorning,ham
those were my exact intentions,ham
that way transport is less problematic than on sat night by the way if u want to ask n to join my bday feel free but need to know definite nos as booking on fri,ham
lol oh no babe i wont be sliding into your place after midnight but thanks for the invite,ham
2marrow only wed at ltgt to 2 aha,ham
painful words i thought being happy was the most toughest thing on earth but the toughest is acting happy with all unspoken pain inside,ham
dude got a haircut now its breezy up there,ham
i am in a marriage function,ham
and of course you should make a stink,ham
damn poor zac doesnt stand a chance,ham
why de you looking good only,ham
see you there,ham
what you did in leave,ham
with my sis lor we juz watched italian job,ham
ìï still got lessons ìï in sch,ham
for the first time in the history need comfort and luxury are sold at same price in india onionrs ltgt petrolrs ltgt beerrs ltgt shesil ltgt,ham
nvm im going to wear my sport shoes anyway im going to be late leh,ham
maybe westshore or hyde park village the place near my house,ham
remind me how to get there and i shall do so,ham
alright were hooked up where you guys at,ham
dear voucher holder to claim this weeks offer at you pc please go to httpwwwetlpcoukexpressoffer tscs apply to stop texts txt stop to 80062,spam
lolnice i went from a fish to water,ham
argh why the fuck is nobody in town,ham
urgent we are trying to contact u todays draw shows that you have won a å£800 prize guaranteed call 09050001808 from land line claim m95 valid12hrs only,spam
thesmszonecom lets you send free anonymous and masked messagesim sending this message from theredo you see the potential for abuse,spam
see you then were all christmassy here,ham
not thought bout it drink in tap spile at seven is that pub on gas st off broad st by canal ok,ham
freemsg hey there darling its been 3 weeks now and no word back id like some fun you up for it still tb ok xxx std chgs to send å£150 to rcv,spam
finish liao u,ham
smile in pleasure smile in pain smile when trouble pours like rain smile when sum1 hurts u smile becoz someone still loves to see u smiling,ham
private your 2003 account statement for 07815296484 shows 800 unredeemed sim points call 08718738001 identifier code 41782 expires 181104,spam
im sorry ive joined the league of people that dont keep in touch you mean a great deal to me you have been a friend at all times even at great personal cost do have a great week,ham
i donno if they are scorable,ham
yeah my usual guys out of town but therere definitely people around i know,ham
wat happened to the cruise thing,ham
thats a shame maybe cld meet for few hrs tomo,ham
was a nice day and impressively i was sensible went home early and now feel fine or am i just boring whens yours i cant remember,ham
oh lk tt den we take e one tt ends at cine lor dun wan yogasana oso can,ham
dear are you angry i was busy dear,ham
housemaid is the murderer coz the man was murdered on ltgt th january as public holiday all govtinstituitions are closedincluding post officeunderstand,ham
well i have to leave for my class babe you never came back to me hope you have a nice sleep my love,ham
no i was trying it all weekend v,ham
pls dont forget to study,ham
dear how you are you ok,ham
im home,ham
kinda first one gets in at twelve aah speak tomo,ham
are there ta jobs available let me know please cos i really need to start working,ham
and now electricity just went out fml,ham
bring home some wendy d,ham
ok can,ham
win the newest ûïharry potter and the order of the phoenix book 5 reply harry answer 5 questions chance to be the first among readers,spam
u really pig leh sleep so much my dad wake me up at 10 smth 2 eat lunch today,ham
by the way ive put a skip right outside the front of the house so you can see which house it is just pull up before it,ham
good night my dear sleepwellamptake care,ham
updatenow 12mths half price orange line rental 400minscall mobileupd8 on 08000839402 or call2optoutj5q,spam
yo call me when you get the chance a friend of mine wanted me to ask you about a big order,ham
ive been barred from all b and q stores for lifethis twat in orange dungerees came up to me and asked if i wanted decking so i got the first punch in,ham
black shirt n blue jeans i thk i c ì,ham
its on in engalnd but telly has decided it wont let me watch it and mia and elliot were kissing damn it,ham
aight ive been set free think you could text me blakes address it occurs to me im not quite as sure what im doing as i thought i was,ham
its ok i wun b angry msg u aft i come home tonight,ham
from 88066 lost å£12 help,spam
yup i thk they r e teacher said that will make my face look longer darren ask me not 2 cut too short,ham
its a valentine game send dis msg to all ur friends if 5 answers r d same then someone really loves u ques which colour suits me the best,ham
a bloo bloo bloo ill miss the first bowl,ham
lol i would but my mom would have a fit and tell the whole family how crazy and terrible i am,ham
hey are you going to quit soon xuhui and i working till end of the month,ham
ok which your another number,ham
refused a loan secured or unsecured cant get credit call free now 0800 195 6669 or text back help we will,spam
yep then is fine 730 or 830 for ice age,ham
we confirm eating at esplanade,ham
yup next stop,ham
all these nice new shirts and the only thing i can wear them to is nudist themed you in mu,ham
urgent please call 09061213237 from a landline å£5000 cash or a 4 holiday await collection t cs sae po box 177 m227xy 16,spam
1000s flirting now txt girl or bloke ur name age eg girl zoe 18 to 8007 to join and get chatting,spam
i wake up long ago already dunno what other thing,ham
itll be tough but ill do what i have to,ham
im done oredi,ham
hi darlin i finish at 3 do u 1 2 pick me up or meet me text back on this number luv kate xxx,ham
ho ho big belly laugh see ya tomo,ham
send his number and give reply tomorrow morning for why you said that to him like that ok,ham
yeah thats the impression i got,ham
that would be great well be at the guild could meet on bristol road or somewhere will get in touch over weekend our plans take flight have a good week,ham
im late tellmiss im on my way,ham
my birthday is on feb ltgt da,ham
whats the significance,ham
thank you for callingforgot to say happy onam to you sirjii am fine here and remembered you when i met an insurance personmeet you in qatar insha allahrakhesh ex tata aig who joined tisscotayseer,ham
shall i get my pouch,ham
your unique user id is 1172 for removal send stop to 87239 customer services 08708034412,spam
wow i love you sooo much you know i can barely stand it i wonder how your day goes and if you are well my love i think of you and miss you,ham
get the official england poly ringtone or colour flag on yer mobile for tonights game text tone or flag to 84199 optout txt eng stop box39822 w111wx å£150,spam
1appledayno doctor 1tulsi leafdayno cancer 1lemondayno fat 1cup milkdayno bone problms 3 litres watrdayno diseases snd ths 2 whom u care,ham
bears pic nick and tom pete and dick in fact all types try gay chat with photo upload call 08718730666 10pmin 2 stop texts call 08712460324,spam
at what time are you coming,ham
like a personal sized or what,ham
idk you keep saying that youre not but since he moved we keep butting heads over freedom vs responsibility and im tired i have so much other shit to deal with that im barely keeping myself together once this gets added to it,ham
dear where you will be when i reach there,ham
cab is availablethey pick up and drop at door steps,ham
we are at grandmas oh dear u still ill i felt shit this morning but i think i am just hungover another night then we leave on sat,ham
why are u up so early,ham
u are subscribed to the best mobile content service in the uk for å£3 per 10 days until you send stop to 82324 helpline 08706091795,spam
lol nah wasnt too bad thanks its good to b home but its been quite a reality check hows ur day been did u do anything with website,ham
is there coming friday is leave for pongaldo you get any news from your work place,ham
do u ever get a song stuck in your head for no reason and it wont go away til u listen to it like 5 times,ham
i dont think so you dont need to be going out that late on a school night especially when the one class you have is the one you missed last wednesday and probably failed a test in on friday,ham
yeah sure thing mate haunt got all my stuff sorted but im going sound anyway promoting hex for by the way who is this dont know number joke,ham
hi darlin i hope you had a nice night i wish i had come cant wait to see you love fran ps i want dirty anal sex and i want a 10 man gang bang,ham
tell dear what happen to you why you talking to me like an alian,ham
its ur luck to love someone its ur fortune to love the one who loves u but its a miracle to love a person who cant love anyone except u gud nyt,ham
i think chennai well settled,ham
alrite jod hows the revision goin keris bin doin a smidgin n e way u wanna cum over after collegexx,ham
probably money worries things are coming due and i have several outstanding invoices for work i did two and three months ago,ham
how much i gave to you morning,ham
we don call like ltgt times oh no give us hypertension oh,ham
why tired what special there you had,ham
well that must be a pain to catch,ham
i want to tell you how bad i feel that basically the only times i text you lately are when i need drugs,ham
wat makes some people dearer is not just de happiness dat u feel when u meet them but de pain u feel when u miss dem,ham
yup ok i go home look at the timings then i msg ì again xuhui going to learn on 2nd may too but her lesson is at 8am,ham
oh my god ive found your number again im so glad text me back xafter this msgs cst std ntwk chg å£150,spam
i dont have that much image in class,ham
thank you winner notified by sms good luck no future marketing reply stop to 84122 customer services 08450542832,spam
when the first strike is a red one the bird antelope begin toplay in the fieldof selfindependence believe this the flower of contention will growrandom,ham
do u want 2 meet up 2morro,ham
urgent call 09066612661 from landline your complementary 4 tenerife holiday or å£10000 cash await collection sae tcs po box 3 wa14 2px 150ppm 18 sender hol offer,spam
id have to check but theres only like 1 bowls worth left,ham
was gr8 to see that message so when r u leaving congrats dear what school and wat r ur plans,ham
sorry completely forgot will pop em round this week if your still here,ham
oh ya got hip hop open haha i was thinking can go for jazz then zoom to cine actually tonight im free leh and theres a kb lesson tonight,ham
private your 2003 account statement for shows 800 unredeemed s i m points call 08718738002 identifier code 48922 expires 211104,spam
haha awesome ive been to 4u a couple times who alls coming,ham
dont fret ill buy the ovulation test strips and send them to you you wont get them til like march can you send me your postal addressull be alrightokay,ham
don know i didt msg him recently,ham
lemme know when i can swing by and pick up im free basically any time after 1 all this semester,ham
good afternoon babe how goes that day any job prospects yet i miss you my love sighs,ham
will u meet ur dream partner soon is ur career off 2 a flyng start 2 find out free txt horo followed by ur star sign e g horo aries,spam
very hurting n meaningful lines ever i compromised everything for my love but at d end my love compromised me for everything gud mornin,ham
have a safe trip to nigeria wish you happiness and very soon company to share moments with,ham
im done c ì there,ham
i remet alex nichols from middle school and it turns out hes dealing,ham
arms fine hows cardiff and uni,ham
but i juz remembered i gotta bathe my dog today,ham
goodmorning today i am late for ltdecimalgt min,ham
you are sweet as well princess please tell me your likes and dislikes in bed,ham
sun cant come to earth but send luv as rays cloud cant come to river but send luv as rain i cant come to meet u but can send my care as msg to u gud evng,ham
your account has been refilled successfully by inr ltdecimalgt your keralacircle prepaid account balance is rs ltdecimalgt your transaction id is kr ltgt,ham
y ì wan to go there c doctor,ham
ummmmmaah many many happy returns of d day my dear sweet heart happy birthday dear,ham
lol your always so convincing,ham
i have to take exam with march 3,ham
dont hesitate you know this is the second time she has had weakness like that so keep i notebook of what she eat and did the day before or if anything changed the day before so that we can be sure its nothing,ham
lol ok ill try to send be warned sprint is dead slow youll prolly get it tomorrow,ham
dun b sad its over dun thk abt it already concentrate on ur other papers k,ham
i actually did for the first time in a while i went to bed not too long after i spoke with you woke up at 7 how was your night,ham
its not that you make me cry its just that when all our stuff happens on top of everything else it pushes me over the edge you dont underdtand how often i cry over my sorry sorry life,ham
kate jackson rec center before 7ish right,ham
im going out to buy mums present ar,ham
thinking of u x,ham
and smile for me right now as you go and the world will wonder what you are smiling about and think your crazy and keep away from you grins,ham
yeah theres barely enough room for the two of us x has too many fucking shoes sorry man see you later,ham
kthen come wenever u lik to come and also tel vikky to come by getting free time,ham
hi babe uawakefeellikw shitjustfound out via aletter thatmum gotmarried 4thnovbehind ourbacks åð fuckinniceselfish deviousbitchanyway iåõl call u,ham
im reaching in another 2 stops,ham
have you been practising your curtsey,ham
now that you have started dont stop just pray for more good ideas and anything i see that can help you guys ill forward you a link,ham
k so am i how much for an 8th fifty,ham
get 3 lions england tone reply lionm 4 mono or lionp 4 poly 4 more go 2 wwwringtonescouk the original n best tones 3gbp network operator rates apply,spam
free tones hope you enjoyed your new content text stop to 61610 to unsubscribe help08712400602450p provided by tones2youcouk,spam
on the way to office da,ham
thanks fills me with complete calm and reassurance,ham
no current and food here i am alone also,ham
maybe i could get book out tomo then return it immediately or something,ham
the word checkmate in chess comes from the persian phrase shah maat which means the king is dead goodmorning have a good day,ham
why is that princess i bet the brothas are all chasing you,ham
sry dajst nw only i came to home,ham
im going for bath will msg you next ltgt min,ham
i pocked you up there before,ham
japanese proverb if one can do it u too can do it if none can do itu must do it indian version if one can do it let him do it if none can do itleave it and finally kerala version if one can do it stop him doing it if none can do it make a strike against it,ham
omg you can make a wedding chapel in frontierville why do they get all the good stuff,ham
yes that will be fine love you be safe,ham
i dont know what to do to come out of this so only am ask questions like this dont mistake me,ham
hey are we going for the lo lesson or gym,ham
cos i want it to be your thing,ham
please call 08712402972 immediately as there is an urgent message waiting for you,spam
this msg is for your mobile content order it has been resent as previous attempt failed due to network error queries to customersqueriesnetvisionukcom,spam
i called and said all to himthen he have to choose this future,ham
sexy sexy cum and text me im wet and warm and ready for some porn u up for some fun this msg is free recd msgs 150p inc vat 2 cancel text stop,spam
no datoday also i forgot,ham
i accidentally brought em home in the box,ham
yup i thk so until e shop closes lor,ham
hungry gay guys feeling hungry and up 4 it now call 08718730555 just 10pmin to stop texts call 08712460324 10pmin,spam
wot u up 2 j,ham
urgent we are trying to contact you last weekends draw shows that you have won a å£900 prize guaranteed call 09061701939 claim code s89 valid 12hrs only,spam
this is the 2nd time we have tried 2 contact u u have won the å£750 pound prize 2 claim is easy call 087187272008 now1 only 10p per minute btnationalrate,spam
i sent your maga that money yesterday oh,ham
hope you are feeling great pls fill me in abiola,ham
look at amy ure a beautiful intelligent woman and i like u a lot i know u donåõt like me like that so donåõt worry,ham
im going 2 orchard now laready me reaching soon u reaching,ham
do you like shaking your booty on the dance floor,ham
the monthly amount is not that terrible and you will not pay anything till 6months after finishing school,ham
oh yes i can speak txt 2 u no hmm did u get email,ham
ok i am on the way to home hi hi,ham
but we havent got da topic yet rite,ham
thought i didnt see you,ham
hi kindly give us back our documents which we submitted for loan from stapati,ham
lol yep did that yesterday already got my fireplace now its just another icon sitting there for me,ham
you have been specially selected to receive a 2000 pound award call 08712402050 before the lines close cost 10ppm 16 tcs apply ag promo,spam
olol i printed out a forum post by a guy with the exact same prob which was fixed with a gpu replacement hopefully they dont ignore that,ham
did he say how fantastic i am by any chance or anything need a bigger life lift as losing the will 2 live do you think i would be the first person 2 die from n v q,ham
whore you are unbelievable,ham
please protect yourself from ethreats sib never asks for sensitive information like passwordsatmsms pin thru email never share your password with anybody,ham
geeee i miss you already you know your all i can think about fuck i cant wait till next year when we will be together loving kiss,ham
ìï say until like dat i dun buy ericsson oso cannot oredi lar,ham
i went to project centre,ham
its a valentine game send dis msg to all ur friends if 5 answers r d same then someone really loves u ques which colour suits me the bestrply me,ham
ok no problem yup im going to sch at 4 if i rem correctly,ham
probably a couple hours tops,ham
shhhhh nobody is supposed to know,ham
today is song dedicated day which song will u dedicate for me send this to all ur valuable frnds but first rply me,ham
urgent last weekends draw shows that you have won å£1000 cash or a spanish holiday call now 09050000332 to claim tc rstm sw7 3ss 150ppm,spam
are you going to write ccna exam this week,ham
monthly password for wap mobsicom is 391784 use your wap phone not pc,spam
xclusiveclubsaisai 2morow 285 soiree speciale zouk with nichols from parisfree roses 2 all ladies info 0794674629107880867867,spam
what time you coming down later,ham
also remember to get dobbys bowl from your car,ham
oh ok,ham
hi im always online on yahoo and would like to chat with you someday,ham
i was just callin to say hi take care bruv,ham
txt call to no 86888 claim your reward of 3 hours talk time to use from your phone now subscribe6gbpmnth inc 3hrs 16 stoptxtstop wwwgambtv,spam
i havent lei next mon can,ham
long time you remember me today,ham
y dun cut too short leh u dun like ah she failed shes quite sad,ham
finished class where are you,ham
kothi print out marandratha,ham
i also thk too fast xy suggest one not me u dun wan its ok going 2 rain leh where got gd,ham
nah im a perpetual dd,ham
for the most sparkling shopping breaks from 45 per person call 0121 2025050 or visit wwwshortbreaksorguk,spam
no problem how are you doing,ham
well done and luv ya all,ham
sounds like something that someone testing me would sayy,ham
yeah we do totes when u wanna,ham
then why you not responding,ham
dude how do you like the buff wind,ham
congrats 2 mobile 3g videophones r yours call 09061744553 now videochat wid ur mates play java games dload polyh music noline rentl bx420 ip4 5we 150pm,spam
we not watching movie already xy wants 2 shop so im shopping w her now,ham
sat right okay thanks,ham
okay lor wah like that def they wont let us go haha what did they say in the terms and conditions,ham
reply with your name and address and you will receive by post a weeks completely free accommodation at various global locations wwwphb1com ph08700435505150p,spam
or u ask they all if next sat can a not if all of them can make it then im ok lor,ham
ltgt is fast approaching so wish u a very happy new year happy sankranti happy republic day happy valentines day happy shivratri happy ugadi happy fools day happy may day happy independence day happy friendshipmotherfatherteacherschildrens day amp happy birthday 4 u happy ganesh festival happy dasara happy diwali happy christmas ltgt good mornings afternoons evenings nights rememberi am the first to wishing u all theseyours raj,ham
this weekend is fine an excuse not to do too much decorating,ham
am only searching for good dual sim mobile pa,ham
huh so late fr dinner,ham
okay lor will they still let us go a not ah coz they will not know until later we drop our cards into the box right,ham
nt yet chikkusimple habbahw abt u,ham
ok so april cant wait,ham
honey sweetheart darling sexy buns sugar plum loverboy i miss you boytoy smacks your ass did you go to the gym too,ham
u studying in sch or going home anyway ill b going 2 sch later,ham
thanx 4 puttin da fone down on me,ham
it will stop on itself i however suggest she stays with someone that will be able to give ors for every stool,ham
good evening sir hope you are having a nice day i wanted to bring it to your notice that i have been late in paying rent for the past few months and have had to pay a ltgt charge i felt it would be inconsiderate of me to nag about something you give at great cost to yourself and thats why i didnt speak up i however am in a recession and wont be able to pay the charge this month hence my askin well ahead of months end can you please help thank you for everything,ham
urgent we are trying to contact u todays draw shows that you have won a å£800 prize guaranteed call 09050003091 from land line claim c52 valid 12hrs only,spam
do you want 750 anytime any network mins 150 text and a new video phone for only five pounds per week call 08002888812 or reply for delivery tomorrow,spam
nofew hours beforewent to hair cut,ham
thats very rude you on campus,ham
it means u could not keep ur words,ham
waaaat lololo ok next time then,ham
sounds like there could be a lot of time spent in that chastity device boy grins or take your beatings like a good dog going to lounge in a nice long bath now,ham
yes now only saw your message,ham
mmmmm it was sooooo good to wake to your words this morning my love mmmm fuck i love you too my lion devouring kiss from across the sea,ham
am slow in using biolas fne,ham
it shall be fine i have avalarr now will hollalater,ham
match startedindia ltgt for 2,ham
wah okie okie muz make use of e unlimited haha,ham
a link to your picture has been sent you can also use httpalto18coukwavewaveaspo44345,spam
dude sux for snake he got old and raiden got buff,ham
were gonna go get some tacos,ham
thts gods gift for birds as humans hav some natural gift frm god,ham
hurry home u big butt hang up on your last caller if u have to food is done and im starving dont ask what i cooked,ham
now u sound like manky scouse boy stevelike i is travelling on da bus homewot has u inmind 4 recreation dis eve,ham
k go and sleep well take rest,ham
what i mean was i left too early to check cos im working a 96,ham
want 2 get laid tonight want real dogging locations sent direct 2 ur mob join the uks largest dogging network bt txting gravel to 69888 nt ec2a 31pmsg150p,spam
you have 1 new message please call 08718738034,spam
shop till u drop is it you either 10k 5k å£500 cash or å£100 travel voucher call now 09064011000 ntt po box cr01327bt fixedline cost 150ppm mobile vary,spam
just trying to figure out when im suppose to see a couple different people this week we said wed get together but i didnt set dates,ham
howz painhope u r fine,ham
anything lar then ì not going home 4 dinner,ham
ya toldshe was asking wats matter,ham
todays voda numbers ending 1225 are selected to receive a å£50award if you have a match please call 08712300220 quoting claim code 3100 standard rates app,spam
youll never believe this but i have actually got off at taunton wow,ham
i love you you set my soul on fire it is not just a spark but it is a flame a big rawring flame xoxo,ham
true lov n care wil nevr go unrecognized though somone often makes mistakes when valuing it but they will definitly undrstnd once when they start missing it,ham
uncle g just checking up on you do have a rewarding month,ham
hellogorgeous hows u my fone was on charge lst nitw wen u texd me hopeu ad a nice wkend as im sure u did lookin 4ward 2 cin u 2mrw luv jaz,ham
lol ok ill snatch her purse too,ham
the current leading bid is 151 to pause this auction send out customer care 08718726270,spam
i enjoy watching and playing football and basketball anything outdoors and you,ham
well im going to be an aunty,ham
i see when we finish we have loads of loans to pay,ham
k i might come by tonight then if my class lets out early,ham
jay wants to work out first hows 4 sound,ham
ok but tell me half an hr b4 u come i need 2 prepare,ham
check maili have mailed varma and kept copy to you regarding membershiptake careinsha allah,ham
g says you never answer your texts confirmdeny,ham
also fuck you and your family for going to rhode island or wherever the fuck and leaving me all alone the week i have a new bong gt,ham
if you mean the website yes,ham
i come n pick ì up come out immediately aft ur lesson,ham
a guy who gets used but is too dumb to realize it,ham
hi wk been ok on hols now yes on for a bit of a run forgot that i have hairdressers appointment at four so need to get home n shower beforehand does that cause prob for u ham,ham
today im not workin but not free oso gee thgt u workin at ur frens shop,ham
you see the requirements please,ham
when you and derek done with class,ham
my tuition is at 330 hm we go for the 1120 to 1205 one do you mind,ham
carry on not disturbing both of you,ham
natalja 25f is inviting you to be her friend reply yes440 or no440 see her wwwsmsacunat27081980 stop send stop frnd to 62468,spam
hiya probably coming home weekend after next,ham
im in town now so ill jus take mrt down later,ham
msgs r not time passthey silently say that i am thinking of u right now and also making u think of me at least 4 a moment gd ntswt drms shesil,ham
yep i do like the pink furniture tho,ham
so what about you what do you remember,ham
so is th gower mate which is where i am how r u man all is good in wales ill b back åômorrow c u this wk who was the msg 4 åð random,ham
fuuuuck i need to stop sleepin sup,ham
final chance claim ur å£150 worth of discount vouchers today text yes to 85023 now savamob member offers mobile t cs savamob pobox84 m263uz å£300 subs 16,spam
hey why dont we just go watch x men and have lunch haha,ham
my supervisor find 4 me one lor i thk his students i havent ask her yet tell u aft i ask her,ham
lol your right what diet everyday i cheat anyway im meant to be a fatty,ham
my sister got placed in birla soft da,ham
its a taxt massagetiepos argh ok lool,ham
babe you said 2 hours and its been almost 4 is your internet down,ham
i dont have any of your file in my bagi was in work when you called mei ll tell you if i find anything in my room,ham
its ok i just askd did u knw tht no,ham
lol grr my mom is taking forever with my prescription pharmacy is like 2 minutes away ugh,ham
good afternoon my love it was good to see your words on ym and get your tm very smart move my slave smiles i drink my coffee and await you,ham
dear good morning how you feeling dear,ham
soon you will have the real thing princess do i make you wet,ham
cheers lou yeah was a goodnite shame u neva came c ya gailxx,ham
carlos is down but i have to pick it up from him so ill swing by usf in a little bit,ham
there is os called ubandu which will run without installing in hard diskyou can use that os to copy the important files in system and give it to repair shop,ham
back in brum thanks for putting us up and keeping us all and happy see you soon,ham
i agree so i can stop thinkin about ipad can you please ask macho the same question,ham
im at work please call,ham
valentines day special win over å£1000 in our quiz and take your partner on the trip of a lifetime send go to 83600 now 150pmsg rcvd custcare08718720201,spam
going to take your babe out,ham
rgent this is the 2nd attempt to contact uu have won å£1250 call 09071512433 b4 050703 tcsbcm4235wc1n3xx callcost 150ppm mobilesvary maxå£7 50,spam
0anetworks allow companies to bill for sms so they are responsible for their suppliers just as a shop has to give a guarantee on what they sell b g,spam
you want to go,ham
arr birthday today i wish him to get more oscar,ham
had your contract mobile 11 mnths latest motorola nokia etc all free double mins text on orange tariffs text yes for callback no to remove from records,spam
yeah theres quite a bit left ill swing by tomorrow when i get up,ham
7 at esplanade do ì mind giving me a lift cos i got no car today,ham
play w computer aiyah i tok 2 u lor,ham
dont know you bring some food,ham
ki will send in ltgt min,ham
haha better late than ever any way i could swing by,ham
two teams waiting for some players,ham
hello darlin ive finished college now so txt me when u finish if u can love kate xxx,ham
ah you see you have to be in the lingo i will let you know wot on earth it is when has finished making it,ham
you lifted my hopes with the offer of money i am in need especially when the end of the month approaches and it hurts my studying anyways have a gr8 weekend,ham
yup n her fren lor im meeting my fren at 730,ham
wishing you a wonderful week,ham
yeah i am so ill leave maybe 7ish,ham
ok take ur time n enjoy ur dinner,ham
ill be there on ltgt ok,ham
great im in church now will holla when i get out,ham
hey whats up u sleeping all morning,ham
u wake up already wat u doing u picking us up later rite im taking sq825 reaching ard 7 smth 8 like dat u can check e arrival time c ya soon,ham
u can win å£100 of music gift vouchers every week starting now txt the word draw to 87066 tscs wwwldewcom skillgame1winaweek age16150ppermesssubscription,spam
ha ha ha good joke girls are situation seekers,ham
i should add that i dont really care and if you cant i can at least get this dude to fuck off but hey your money if you want it,ham
yup im free,ham
urgent you have won a 1 week free membership in our å£100000 prize jackpot txt the word claim to no 81010 tc wwwdbuknet lccltd pobox 4403ldnw1a7rw18,spam
as per your request melle melle oru minnaminunginte nurungu vettam has been set as your callertune for all callers press 9 to copy your friends callertune,ham
how many times i told in the stage all use to laugh you not listen aha,ham
ok lor,ham
we tried to call you re your reply to our sms for a video mobile 750 mins unlimited text free camcorder reply or call now 08000930705 del thurs,spam
you stayin out of trouble strangersaw dave the other day heåõs sorted nowstill with me bloke when u gona get a girl mrur mum still thinks we will get 2getha,ham
really i crashed out cuddled on my sofa,ham
i don know account detailsi will ask my mom and send youmy mom is out of reach now,ham
will have two more cartons off u and is very pleased with shelves,ham
nothing much chillin at home any super bowl plan,ham
headin towards busetop,ham
yup izzit still raining heavily cos im in e mrt i cant c outside,ham
dear got train and seat mine lower seat,ham
ok no prob take ur time,ham
i got to video tape pple type in message lor u so free wan 2 help me hee cos i noe u wan 2 watch infernal affairs so ask u along asking shuhui oso,ham
i will cme i want to go to hos 2morow after that i wil cme this what i got from her dear what to do she didnt say any time,ham
tells u 2 call 09066358152 to claim å£5000 prize u have 2 enter all ur mobile personal details the prompts careful,spam
i fetch yun or u fetch,ham
is your hamster dead hey so tmr i meet you at 1pm orchard mrt,ham
freemsg todays the day if you are ready im horny live in your town i love sex fun games netcollex ltd 08700621170150p per msg reply stop to end,spam
nobut heard abt tat,ham
ill call u 2mrw at ninish with my address that icky american freek wont stop callin me 2 bad jen k eh,ham
sorry battery died yeah im here,ham
i will reach office around ltdecimalgt amp my mobile have problem you cannt get my voice so call you asa ill free,ham
aight ill ask a few of my roommates,ham
there generally isnt one its an uncountable noun u in the dictionary pieces of research,ham
3 you have received your mobile content enjoy,spam
response is one of d powerful weapon 2 occupy a place in others heart so always give response 2 who cares 4 u gud nightswt dreamstake care,ham
do you know what mallika sherawat did yesterday find out now lturlgt,ham
eh sorry leh i din c ur msg not sad already lar me watching tv now u still in office,ham
especially since i talk about boston all up in my personal statement lol i woulda changed that if i had realized it said nyc it says boston now,ham
ma head dey swell oh thanks for making my day,ham
sir i am waiting for your mail,ham
thats y u haf 2 keep me busy,ham
oh just getting even with u u,ham
ok sweet dreams,ham
shuhui say change 2 suntec steamboat u noe where where r u now,ham
im viveki got call from your number,ham
come to my home for one last time i wont do anything trust me,ham
you have 1 new voicemail please call 08719181513,spam
yo theres no class tmrw right,ham
sir good morning hope you had a good weekend i called to let you know that i was able to raise ltgt from my dad he however said he would make the rest available by mid feb this amount is still quite short and i was hoping you would help do have a good day abiola,ham
why she wants to talk to me,ham
santha num corrct dane,ham
there are no other charges after transfer charges and you can withdraw anyhow you like,ham
uh heads up we dont have that much left,ham
yesfrom last week itself im taking live call,ham
am up to my eyes in philosophy,ham
how are u i have missed u i havent been up 2 much a bit bored with the holiday want 2 go bak 2 college sad isnt itxx,ham
no dude its not fakemy frnds got money thts y im reffering uif u member wit my mail link u vl be credited ltgt rs and il be getiing ltgt rsi can draw my acc wen it is ltgt rs,ham
are you ok what happen to behave like this,ham
im coming back on thursday yay is it gonna be ok to get the money cheers oh yeah and how are you everything alright hows school or do you call it work now,ham
got hella gas money want to go on a grand nature adventure with galileo in a little bit,ham
boo im on my way to my moms shes making tortilla soup yummmm,ham
please dont say like that hi hi hi,ham
since when which side any fever any vomitin,ham
aight sorry i take ten years to shower whats the plan,ham
take care n get well soon,ham
hey iouri gave me your number im wylie ryans friend,ham
so what do you guys do,ham
awesome be there in a minute,ham
i dont think i can get away for a trek that long with family in town sorry,ham
hows it feel mr your not my real valentine just my yo valentine even tho u hardly play,ham
dont search love let love find u thats why its called falling in love bcoz u dont force yourself u just fall and u know there is smeone to hold u bslvyl,ham
summers finally here fancy a chat or flirt with sexy singles in yr area to get matched up just reply summer now free 2 join optout txt stop help08714742804,spam
save yourself the stress if the person has a dorm account just send your account details and the money will be sent to you,ham
i wish u were here i feel so alone,ham
sorry i din lock my keypad,ham
watching tv lor,ham
hiya do u like the hlday pics looked horrible in them so took mo out hows the camp amrca thing speak soon serena,ham
anyway seriously hit me up when youre back because otherwise i have to light up with armand and he always has shit andor is vomiting,ham
thanks for your ringtone order ref number k718 your mobile will be charged å£450 should your tone not arrive please call customer services on 09065069120,spam
what time u wrkin,ham
haha really oh no how then will they deduct your lesson tmr,ham
mm feeling sleepy today itself i shall get that dear,ham
aight ill text you when im back,ham
sent me de webadres for geting salary slip,ham
oh rite well im with my best mate pete who i went out with 4 a week now were 2geva again its been longer than a week,ham
did i forget to tell you i want you i need you i crave you but most of all i love you my sweet arabian steed mmmmmm yummy,ham
its posible dnt live in ltgt century cm frwd n thnk different,ham
yo guess what i just dropped,ham
nope im not drivin i neva develop da photos lei,ham
private your 2003 account statement for shows 800 unredeemed sim points call 08718738001 identifier code 49557 expires 261104,spam
good morning princess how are you,ham
i know she called me,ham
rock yr chik get 100s of filthy films xxx pics on yr phone now rply filth to 69669 saristar ltd e14 9yt 08701752560 450p per 5 days stop2 cancel,spam
wat ì doing now,ham
good sleep is about rhythm the person has to establish a rhythm that the body will learn and use if you want to know more,ham
for fear of fainting with the of all that housework you just did quick have a cuppa,ham
im there and i can see you but you cant see me maybe you should reboot ym i seen the buzz,ham
ok i am on the way to railway,ham
private your 2003 account statement for 078,spam
convey my regards to him,ham
i got a call from a landline number i am asked to come to anna nagar i will go in the afternoon,ham
guess which pub im in im as happy as a pig in clover or whatever the saying is,ham
check with nuerologist,ham
gent we are trying to contact you last weekends draw shows that you won a å£1000 prize guaranteed call 09064012160 claim code k52 valid 12hrs only 150ppm,spam
our ride equally uneventful not too many of those pesky cyclists around at that time of night,ham
g wants to know where the fuck you are,ham
sorry me going home first daddy come fetch ì later,ham
im stuck in da middle of da row on da right hand side of da lt,ham
horrible bf i now v hungry,ham
leave it de start prepare for next,ham
dear umma she called me now,ham
in that case i guess ill see you at campus lodge,ham
xy trying smth now u eat already we havent,ham
had your mobile 11mths update for free to oranges latest colour camera mobiles unlimited weekend calls call mobile upd8 on freefone 08000839402 or 2stoptx,spam
dai i downloaded but there is only exe file which i can only run that exe after installing,ham
she left it very vague she just said she would inform the person in accounting about the delayed rent and that i should discuss with the housing agency about my renting another place but checking online now and all places around usc are ltgt and up,ham
im on the snowboarding trip i was wondering if your planning to get everyone together befor we goa meet and greet kind of affair cheers,ham
neither in sterm voice im studying all fine with me not sure the thing will be resolved tho anyway have a fab hols,ham
its ok chikku and its my 1 of favourite song,ham
ok every night take a warm bath drink a cup of milk and youll see a work of magic you still need to loose weight just so that you know,ham
dips cell dead so i m coming with him u better respond else we shall come back,ham
did u download the fring app,ham
yar i tot u knew dis would happen long ago already,ham
can i get your opinion on something first,ham
i dont know why shes not getting your messages,ham
hi there we have now moved in2 our pub would be great 2 c u if u cud come up,ham
oi when you gonna ring,ham
sorry ill call later,ham
we tried to contact you re your response to our offer of a new nokia fone and camcorder hit reply or call 08000930705 for delivery,spam
hi dear call me its urgnt i dont know whats your problem you dont want to work or if you have any other problem at least tell me wating for your reply,ham
no its not specialisation can work but its slave labor will look for it this month sha cos no shakara 4 beggar,ham
sorry i missed your call lets talk when you have the time im on 07090201529,spam
sir waiting for your letter,ham
i dled 3d its very imp,ham
8 at the latest gs still there if you can scrounge up some ammo and want to give the new ak a try,ham
may b approve panalambut it should have more posts,ham
what are you doing in langport sorry but ill probably be in bed by 9pm it sucks being ill at xmas when do you and go2sri lanka,ham
rajipls do me a favour pls convey my birthday wishes to nimya pls today is her birthday,ham
i tot u reach liao he said tshirt,ham
now whats your house again and do you have any beer there,ham
private your 2003 account statement for shows 800 unredeemed s i m points call 08719899230 identifier code 41685 expires 071104,spam
someonone you know is trying to contact you via our dating service to find out who it could be call from your mobile or landline 09064015307 box334sk38ch,spam
carlos says we can pick up from him later so yeah were set,ham
you have won a nokia 7250i this is what you get when you win our free auction to take part send nokia to 86021 now hgsuite3422lands roww1jhl 16,spam
abeg make profit but its a start are you using it to get sponsors for the next event,ham
any chance you might have had with me evaporated as soon as you violated my privacy by stealing my phone number from your employers paperwork not cool at all please do not contact me again or i will report you to your supervisor,ham
great so should i send you my account number,ham
valuable affectionate loveable eternal noble truthful intimate natural enamous happy valentines day in advance,ham
see i knew giving you a break a few times woul lead to you always wanting to miss curfew i was gonna gibe you til one but a midnight movie is not gonna get out til after 2 you need to come home you need to getsleep and if anything you need to b studdying ear training,ham
pls whats the full name of jokes school cos fees in university of florida seem to actually be ltgt k pls holla back,ham
probably want to pick up more,ham
hi im sorry i missed your call can you pls call back,ham
what to think no one saying clearly ok leave no need to ask her i will go if she come or not,ham
can you open the door,ham
hey theres veggie pizza,ham
under the sea there lays a rock in the rock there is an envelope in the envelope there is a paper on the paper there are 3 words,ham
wa ur openin sentence very formal anyway im fine too juz tt im eatin too much n puttin on weighthaha so anythin special happened,ham
urgent your mobile number has been awarded with a å£2000 prize guaranteed call 09058094454 from land line claim 3030 valid 12hrs only,spam
we tried to contact you re your reply to our offer of a video handset 750 anytime any networks mins unlimited text camcorder reply or call 08000930705 now,spam
sac will score big hundredhe is set batsman,ham
crazy ar hes married ìï like gd looking guys not me my frens like say hes korean leonas fave but i dun thk he is aft some thinking mayb most prob ill go,ham
erutupalam thandiyachu,ham
id like to tell you my deepest darkest fantasies call me 09094646631 just 60pmin to stop texts call 08712460324 nat rate,spam
thanx,ham
e admin building there i might b slightly earlier ill call u when im reaching,ham
got it it looks scrumptious daddy wants to eat you all night long,ham
watch lor i saw a few swatch one i thk quite ok ard 116 but i need 2nd opinion leh,ham
how much u trying to get,ham
did you hear about the new divorce barbie it comes with all of kens stuff,spam
yeah right ill bring my tape measure fri,ham
when i was born god said oh no another idiot when you were born god said oh no competition who knew one day these two will become freinds forever,ham
what happened to our yo date,ham
i want snow its just freezing and windy,ham
today is accept dayu accept me as brother sister lover dear1 best1 clos1 lvblefrnd jstfrnd cutefrnd lifpartnr belovd swtheart bstfrnd no rply means enemy,ham
aww you must be nearly deadwell jez iscoming over todo some workand that whilltake forever,ham
of course dont tease me you know i simply must see grins do keep me posted my prey loving smile devouring kiss,ham
ssi thinl role is like sachinjust standing others have to hit,ham
still in customer place,ham
how is your schedule next week i am out of town this weekend,ham
ola would get back to you maybe not today but i ve told him you can be his direct link in the us in getting cars he bids for online you arrange shipping and you get a cut or u for a partnership where u invest money for shipping and he takes care of the restuwud b self reliant soon dnt worry,ham
kaiez enjoy ur tuition gee thk e second option sounds beta ill go yan jiu den msg u,ham
u still painting ur wall,ham
have you had a good day mine was really busy are you up to much tomorrow night,ham
lol please do actually send a pic of yourself right now i wanna see pose with a comb and hair dryer or something,ham
congrats nokia 3650 video camera phone is your call 09066382422 calls cost 150ppm ave call 3mins vary from mobiles 16 close 300603 post bcm4284 ldn wc1n3xx,spam
are you coming to day for class,ham
naughty little thought its better to flirt flirt n flirt rather than loving someone n gettin hurt hurt n hurt gud nyt,ham
quite lor but dun tell him wait he get complacent,ham
wat time liao where still got,ham
todays voda numbers ending 7548 are selected to receive a 350 award if you have a match please call 08712300220 quoting claim code 4041 standard rates app,spam
sir waiting for your mail,ham
wishing you and your family merry x mas and happy new year in advance,ham
are you planning to come chennai,ham
beautiful truth expression of the face could be seen by everyone but the depression of heart could be understood only by the loved ones gud ni8,ham
haha yeah 2 oz is kind of a shitload,ham
uncle abbey happy new year abiola,ham
do not b late love mum,ham
hasnt that been the pattern recently crap weekends,ham
i wud never mind if u dont miss me or if u dont need me but u wil really hurt me wen u need me amp u dont tell me take care,ham
yes i have so thats why u texted pshewmissing you so much,ham
hey chief can you give me a bell when you get this need to talk to you about this royal visit on the 1st june,ham
bored of speed dating try speedchat txt speedchat to 80155 if you dont like em txt swap and get a new chatter chat80155 pobox36504w45wq 150pmsg rcd 16,spam
yeh i am def up4 something sat just got payed2day i havbeen given aå£50 pay rise 4my work havebeen made preschoolcoordinator 2i am feelingood luv,ham
4mths half price orange line rental latest camera phones 4 free had your phone 11mths call mobilesdirect free on 08000938767 to update now or2stoptxt,spam
camera you are awarded a sipix digital camera call 09061221066 fromm landline delivery within 28 days,spam
hi wlcome back did wonder if you got eaten by a lion or something nothing much,ham
dear dave this is your final notice to collect your 4 tenerife holiday or 5000 cash award call 09061743806 from landline tcs sae box326 cw25wx 150ppm,spam
or ì go buy wif him then i meet ì later can,ham
im working technical support voice process,ham
st andre virgils cream,ham
glad to see your reply,ham
ok,ham
i taught that ranjith sir called me so only i sms like that becaus hes verifying about project prabu told today so only pa dont mistake me,ham
im doing da intro covers energy trends n pros n cons brief description of nuclear fusion n oso brief history of iter n jet got abt 7 n half pages,ham
man this bus is so so so slow i think youre gonna get there before me,ham
fighting with the world is easy u either win or lose bt fightng with some1 who is close to u is dificult if u lose u lose if u win u still lose,ham
well im gonna finish my bath now have a goodfine night,ham
dearshall mail tonitebusy in the streetshall update you tonitethings are looking okvarunnathu edukkukayee raksha ollubut a good one in real sense,ham
how come it takes so little time for a child who is afraid of the dark to become a teenager who wants to stay out all night,spam
i will spoil you in bed as well,ham
shall i start from hear,ham
hmmmhow many players selected,ham
no sir thats why i had an 8hr trip on the bus last week have another audition next wednesday but i think i might drive this time,ham
wishing you a beautiful day each moment revealing even more things to keep you smiling do enjoy it,ham
haha can but im having dinner with my cousin,ham
yo howz u girls never rang after india l,ham
we are okay going to sleep now later,ham
what about this one then,ham
congratulations ur awarded 500 of cd vouchers or 125gift guaranteed free entry 2 100 wkly draw txt music to 87066 tncs wwwldewcom1win150ppmx3age16,spam
nite,ham
im in school now n ill be in da lab doing some stuff give me a call when ì r done,ham
i have no money 4 steve mate,ham
youre gonna have to be way more specific than that,ham
sure ill see if i can come by in a bit,ham
and stop wondering wow is she ever going to stop tming me because i will tm you whenever i want because you are mine laughs,ham
we tried to contact you re your reply to our offer of a video phone 750 anytime any network mins half price line rental camcorder reply or call 08000930705,spam
hey happy birthday,ham
let there be snow let there be snow this kind of weather brings ppl together so friendships can grow,ham
sunshine quiz wkly q win a top sony dvd player if u know which country the algarve is in txt ansr to 82277 å£150 sptyrone,spam
beauty sleep can help ur pimples too,ham
dear heroi am leaving to qatar tonite for an apt opportunitypls do keep in touch at ltemailgt kerala,ham
oh the grand is having a bit of a party but it doesnt mention any cover charge so its probably first come first served,ham
can u get pic msgs to your phone,ham
dear we are going to our rubber place,ham
lol for real she told my dad i have cancer,ham
got what it takes 2 take part in the wrc rally in oz u can with lucozade energy text rally le to 61200 25p see packs or lucozadecoukwrc itcould be u,spam
itû÷s å£6 to get in is that ok,ham
wake me up at ltgt am morning,ham
private your 2004 account statement for 07742676969 shows 786 unredeemed bonus points to claim call 08719180248 identifier code 45239 expires,spam
hcl chennai requires freshers for voice processexcellent english neededsalary upto ltgt call mssuman ltgt for telephonic interview via indyarockscom,ham
send to someone else,ham
can a not,ham
aight what time you want me to come up,ham
tap spile at seven is that pub on gas st off broad st by canal ok,ham
aight ill hit you up when i get some cash,ham
theres someone here that has a year ltgt toyota camry like mr olayiwolas own mileage is ltgt kits clean but i need to know how much will it sell for if i can raise the dough for it how soon after landing will it sell holla back,ham
joys father is john then john is the name of joys father mandan,ham
ltgt of pple marry with their lovers becz they hav gud undrstndng dat avoids problems i sent dis 2 u u wil get gud news on friday by d person you like and tomorrow will be the best day of your life dont break this chain if you break you will suffer send this to ltgt frnds in ltgt mins whn u read,ham
i havent forgotten you i might have a couple bucks to send you tomorrow k i love ya too,ham
free for 1st week no1 nokia tone 4 ur mob every week just txt nokia to 8007 get txting and tell ur mates wwwgetzedcouk pobox 36504 w45wq norm150ptone 16,spam
hi ya babe x u 4goten bout me scammers getting smartthough this is a regular vodafone no if you respond you get further prem rate msgsubscription other nos used also beware,spam
it certainly puts things into perspective when something like this happens,ham
gr8 poly tones 4 all mobs direct 2u rply with poly title to 8007 eg poly breathe1 titles crazyin sleepingwith finest ymca getzedcouk pobox365o4w45wq 300p,spam
when are you guys leaving,ham
gud mrng dear have a nice day,ham
much better now thanks lol,ham
me not waking up until 4 in the afternoon sup,ham
how much would it cost to hire a hitman,ham
i prefer my free days tues wed fri oso can ìï ask those workin lor,ham
where are the garage keys they arent on the bookshelf,ham
will you like to be spoiled,ham
she told to hr that he want posting in chennaibecause im working here,ham
collect your valentines weekend to paris inc flight hotel å£200 prize guaranteed text paris to no 69101 wwwrtfsphostingcom,spam
cashbincouk get lots of cash this weekend wwwcashbincouk dear welcome to the weekend we have got our biggest and best ever cash give away these,spam
ok then i come n pick u at engin,ham
normally i use to drink more water daily,ham
dunno leh cant remember mayb lor so wat time r we meeting tmr,ham
dont think about what u have got think about how to use it that you have got good ni8,ham
ok no wahala just remember that a friend in need,ham
im a guy browsin is compulsory,ham
important information 4 orange user 0796xxxxxx today is ur lucky day2 find out why log onto httpwwwurawinnercom theres a fantastic prizeawaiting you,spam
pls accept me for one day or am begging you change the number,ham
k come to nordstrom when youre done,ham
nottel software name,ham
500 new mobiles from 2004 must go txt nokia to no 89545 collect yours todayfrom only å£1 www4tcbiz 2optout 08718726270150gbpmtmsg18 txtauction,spam
okok okthenwhats ur todays plan,ham
minimum walk is 3miles a day,ham
i know im lacking on most of this particular dramastorms details but for the most part im not worried about that,ham
2p per min to call germany 08448350055 from your bt line just 2p per min check planettalkinstantcom for info ts cs text stop to opt out,spam
updatenow xmas offer latest motorola sonyericsson nokia free bluetooth double mins 1000 txt on orange call mobileupd8 on 08000839402 or call2optoutf4q,spam
no 1 polyphonic tone 4 ur mob every week just txt pt2 to 87575 1st tone free so get txtin now and tell ur friends 150ptone 16 reply hl 4info,spam
ill talk to the others and probably just come early tomorrow then,ham
so u gonna get deus ex,ham
wnevr i wana fal in luv vth my books my bed fals in luv vth me yen madodu nav pretsorginta nammanna pretsovru important alwa gud eveb,ham
yes see ya not on the dot,ham
well i might not come then,ham
k jason says hes gonna be around so ill be up there around ltgt,ham
hope you are having a great new semester do wish you the very best you are made for greatness,ham
yes i come to nyc for audiitions and am trying to relocate,ham
pls give her prometazine syrup 5mls then ltgt mins later feed,ham
a å£400 xmas reward is waiting for you our computer has randomly picked you from our loyal mobile customers to receive a å£400 reward just call 09066380611,spam
85233 freeringtonereply real,spam
aight ill grab something to eat too text me when youre back at mu,ham
now thats going to ruin your thesis,ham
ok leave no need to ask,ham
nothing splwat abt u and whr ru,ham
dont make life too stressfull always find time to laugh it may not add years to your life but surely adds more life to ur years gud ni8swt dreams,ham
still otside leu come 2morrow maga,ham
thanks for your message i really appreciate your sacrifice im not sure of the process of direct pay but will find out on my way back from the test tomorrow im in class now do have a wonderful day,ham
the bus leaves at ltgt,ham
u ned to convince him tht its not possible witot hurting his feeling its the main,ham
u wake up already thanx 4 e tau sar piah its quite nice,ham
yar lor he wan 2 go c horse racing today mah so eat earlier lor i ate chicken rice u,ham
staff of placement training in amrita college,ham
alright thanks for the advice enjoy your night out ima try to get some sleep,ham
yo dude guess who just got arrested the other day,ham
sorry about earlier putting out firesare you around to talk after 9 or do you actually have a life lol,ham
that sucks ill go over so u can do my hair youll do it free right,ham
my exwife was not able to have kids do you want kids one day,ham
hey r ì still online ive finished the formatting,ham
i dont want you to leave but im barely doing what i can to stay sane fighting with you constantly isnt helping,ham
oh howda gud gud mathe en samachara chikku,ham
alright omw gotta change my order to a half8th,ham
lmao but its so fun,ham
you call him now ok i said call him,ham
hello we need some posh birds and chaps to user trial prods for champneys can i put you down i need your address and dob asap ta r,spam
i know girls always safe and selfish know i got it pa thank you good night,ham
ya im referin to meis ex wat no ah waitin 4 u to treat somebody shld b rich liaoso gd den u dun have to work frm tmr onwards,ham
uhhhhrmm isnt having tb test bad when youre sick,ham
i am in officewhats the mattermsg me nowi will call you at break,ham
wait ltgt min,ham
ìï bot notes oredi cos i juz rem i got,ham
no i am not having not any movies in my laptop,ham
pls give her the food preferably pap very slowly with loads of sugar you can take up to an hour to give it and then some water very very slowly,ham
urgent your mobile no was awarded å£2000 bonus caller prize on 5903 this is our final try to contact u call from landline 09064019788 box42wr29c 150ppm,spam
i was at bugis juz now wat but now im walking home oredi ìï so late then reply i oso saw a top dat i like but din buy where r ì now,ham
sms ac jsco energy is high but u may not know where 2channel it 2day ur leadership skills r strong psychic reply ans wquestion end reply end jsco,spam
k can that happen tonight,ham
o turns out i had stereo love on mi phone under the unknown album,ham
lol thats different i dont go trying to find every real life photo you ever took,ham
tell them the drug dealers getting impatient,ham
hi baby ive just got back from work and i was wanting to see u allday i hope i didnt piss u off on the phone today if u are up give me a call xxx,ham
happened here while you were adventuring,ham
you said not now no problem when you can let me know,ham
yeah but which is worse for i,ham
check wid corect speling ie sarcasm,ham
hi baby im sat on the bloody bus at the mo and i wont be home until about 730 wanna do somethin later call me later ortxt back jess xx,ham
please leave this topicsorry for telling that,ham
i think your mentor is but not 100 percent sure,ham
not a drop in the tank,ham
was thinking about chuckin ur red green n black trainners 2 save carryin them bac on train,ham
yup i shd haf ard 10 pages if i add figures ìï all got how many pages,ham
why didnt u call on your lunch,ham
congratulations u can claim 2 vip row a tickets 2 c blu in concert in november or blu gift guaranteed call 09061104276 to claim tscs wwwsmsconet costå£375max,spam
22 146tf150p,spam
yeah i dont see why not,ham
if you arent here in the next ltgt hours imma flip my shit,ham
oh yeah and my diet just flew out the window,ham
good afternoon starshine hows my boytoy does he crave me yet ache to fuck me sips cappuccino i miss you babe teasing kiss,ham
i need coz i never go before,ham
whenre you guys getting back g said you were thinking about not staying for mcr,ham
ela kanoil download come wen ur free,ham
booked ticket for pongal,ham
ok me watching tv too,ham
cancel cheyyamoand get some money back,ham
good day to you toopray for meremove the teeth as its painful maintaining other stuff,ham
im putting it on now it should be ready for lttimegt,ham
yo carlos a few friends are already asking me about you you working at all this weekend,ham
it wont b until 215 as trying 2 sort house out is that ok,ham
are you unique enough find out from 30th august wwwareyouuniquecouk,spam
hi im having the most relaxing time ever we have to get up at 7am every day was the party good the other night i get home tomorrow at 5ish,ham
already am squatting is the new way of walking,ham
we can make a baby in yo tho,ham
dear will call tmorrowpls accomodate,ham
no dear i do have free messages without any recharge hi hi hi,ham
what you doinghow are you,ham
mostly sports typelyk footblcrckt,ham
free2day sexy st georges day pic of jordantxt pic to 89080 dont miss out then every wk a saucy celeb4 more pics c pocketbabecouk 0870241182716 å£3wk,spam
i think that tantrums finished so yeah ill be by at some point,ham
but im surprised she still can guess right lor,ham
sthis will increase the chance of winning,ham
k dahow many page you want,ham
ill text you when i drop x off,ham
send this to ur friends and receive something about ur voice how is my speaking expression 1childish 2naughty 3sentiment 4rowdy 5ful of attitude 6romantic 7shy 8attractive 9funny ltgt irritating ltgt lovable reply me,ham
oh yah we never cancel leh haha,ham
let me know if you need anything else salad or desert or something how many beers shall i get,ham
sms services for your inclusive text credits pls goto wwwcomuknet login unsubscribe with stop no extra charge help08700469649 po box420 ip4 5we,spam
ya that one is slow as poo,ham
500 new mobiles from 2004 must go txt nokia to no 89545 collect yours todayfrom only å£1 www4tcbiz 2optout 08718726270150gbpmtmsg18,spam
lmao ok i wont be needing u to do my hair anymore,ham
then u better go sleep dun disturb u liao u wake up then msg me lor,ham
i dont quite know what to do i still cant get hold of anyone i cud pick you up bout 730pm and we can see if theyre in the pub,ham
they released another italian one today and it has a cosign option,ham
any way where are you and what doing,ham
horrible u eat macs eat until u forgot abt me already rite u take so long 2 reply i thk its more toot than b4 so b prepared now wat shall i eat,ham
aight lemme know whats up,ham
den wat will e schedule b lk on sun,ham
ow u deyi paid 60400thousadi told u would call,ham
call to the number which is available in appointment and ask to connect the call to waheed fathima,ham
no idea i guess well work that out an hour after were supposed to leave since as usual nobody has any interest in figuring shit out before the last second,ham
thats cool sometimes slow and gentle sonetimes rough and hard,ham
kkyesterday i was in cbe,ham
thought praps you meant another one goodo ill look tomorrow,ham
im taking derek amp taylor to walmart if im not back by the time youre done just leave the mouse on my desk and ill text you when priscillas ready,ham
got it seventeen pounds for seven hundred ml ûò hope ok,ham
not heard from u4 a while call 4 rude chat private line 01223585334 to cum wan 2c pics of me gettin shagged then text pix to 8552 2end send stop 8552 sam xxx,spam
hi jon pete here ive bin 2 spain recently hav sum dinero left bill said u or ur åôrents mayb interested in it i hav 12000pes so around å£48 tb james,ham
i told her i had a dr appt next week she thinks im gonna die i told her its just a check nothing to be worried about but she didnt listen,ham
ive got ten bucks jay is being noncomittal,ham
did you show him and wot did he say or could u not c him 4 dust,ham
you all ready for big day tomorrow,ham
goodnight sleep well da please take care pa please,ham
i not free today i haf 2 pick my parents up tonite,ham
do we have any spare power supplies,ham
looks like u wil b getting a headstart im leaving here bout 230ish but if u r desperate for my company i could head in earlierwe were goin to meet in rummer,ham
deep sigh i miss you i am really surprised you havent gone to the net cafe yet to get to me dont you miss me,ham
this is a long fuckin showr,ham
discussed with your mother ah,ham
where in abj are you serving are you staying with dad or alone,ham
plz note if anyone calling from a mobile co amp asks u to type ltgt or ltgt do not do so disconnect the callcoz it iz an attempt of terrorist to make use of the sim card no itz confirmd by nokia n motorola n has been verified by cnn ibn,ham
iû÷m going to try for 2 months ha ha only joking,ham
huh i cant thk of more oredi how many pages do we have,ham
say this slowly godi love you amp i need youclean my heart with your bloodsend this to ten special people amp u c miracle tomorrow do itplspls do it,ham
dunno lei shd b driving lor cos i go sch 1 hr oni,ham
hi 07734396839 ibh customer loyalty offer the new nokia6600 mobile from only å£10 at txtauctiontxt wordstart to no81151 get yours now4t,spam
old orchard near univ how about you,ham
perhaps is much easy give your account identification so i will tomorrow at uni,ham
congratulations ur awarded 500 of cd vouchers or 125gift guaranteed free entry 2 100 wkly draw txt music to 87066,spam
oops i thk i dun haf enuff i go check then tell ì,ham
i lost 4 pounds since my doc visit last week woot woot now im gonna celebrate by stuffing my face,ham
ohi asked for fun hahatake care ì,ham
am new 2 club dont fink we met yet will b gr8 2 c u please leave msg 2day wiv ur area 09099726553 reply promised carlie x callså£1minmobsmore lkpobox177hp51fl,spam
free ring tone just text polys to 87131 then every week get a new tone 0870737910216yrs only å£150wk,spam
shes find i sent you an offline message to know how anjolas now,ham
hi shanilrakhesh herethanksi have exchanged the uncut diamond stuffleaving back excellent service by dino and prem,ham
jus ans me lar ull noe later,ham
you available now im like right around hillsborough amp ltgt th,ham
your daily text from me ûò a favour this time,ham
wylie update my weed dealer carlos went to freedom and had a class with lunsford,ham
da is good good playerwhy he is unsold,ham
not sure i have the stomach for it,ham
indians r poor but india is not a poor country says one of the swiss bank directors he says that ltgt lac crore of indian money is deposited in swiss banks which can be used for taxless budget for ltgt yrs can give ltgt crore jobs to all indians from any village to delhi 4 lane roads forever free power suply to more than ltgt social projects every citizen can get monthly ltgt for ltgt yrs no need of world bank amp imf loan think how our money is blocked by rich politicians we have full rights against corrupt politicians itna forward karo ki pura india padhegm,ham
freemsg why havent you replied to my text im randy sexy female and live local luv to hear from u netcollex ltd 08700621170150p per msg reply stop to end,spam
u dun say so early hor u c already then say,ham
go until jurong point crazy available only in bugis n great world la e buffet cine there got amore wat,ham
in fact when do you leave i think addie goes back to school tues or wed,ham
dude avatar 3d was imp at one point i thought there were actually flies in the room and almost tried hittng one as a reflex,ham
hey morning what you come to ask pa,ham
i thought id get him a watch just cos thats the kind of thing u get4an18th and he loves so much,ham
how was txting and driving,ham
ki didt see youkwhere are you now,ham
sounds good keep me posted,ham
wat uniform in where get,ham
where r e meeting tmr,ham
does cinema plus drink appeal tomo is a fr thriller by director i like on at mac at 830,ham
wait do you know if wesleys in town i bet she does hella drugs,ham
faith makes things possiblehope makes things worklove makes things beautifulmay you have all three this christmasmerry christmas,ham
money i have won wining number 946 wot do i do next,spam
that means from february to april ill be getting a place to stay down there so i dont have to hustle back and forth during audition season as i have since my sister moved away from harlem,ham
also track down any lighters you can find,ham
do you want bold 2 or bb torch,ham
no de but call me after some time ill tell you k,ham
kkim going to tirunelvali this week to see my uncle i already spend the amount by taking dress so only i want moneyi will give it on feb 1,ham
yavnt tried yet and never played original either,ham
ìï v ma fan,ham
then ur sis how,ham
still i have not checked it da,ham
am on a train back from northampton so im afraid not,ham
your opinion about me 1 over 2 jada 3 kusruthi 4 lovable 5 silent 6 spl character 7 not matured 8 stylish 9 simple pls reply,ham
sweetheart hope you are not having that kind of day have one with loads of reasons to smile biola,ham
do you realize that in about 40 years well have thousands of old ladies running around with tattoos,spam
you could have seen mei didt recognise you face,ham
dont think so it turns off like randomlly within 5min of opening,ham
dude just saw a parked car with its sunroof popped up sux,ham
si si i think ill go make those oreo truffles,ham
hi dahow is the todays class,ham
if you can make it any time tonight or whenever you can its cool just text me whenever youre around,ham
so im doing a list of buyers,ham
he is there you call and meet him,ham
petey boy whereare you me and all your friendsare in thekingshead come down if you canlove nic,ham
water logging in desert geoenvironmental implications,ham
ok im waliking ard now do u wan me 2 buy anything go ur house,ham
urgent your mobile number won a å£2000 bonus caller prize on 100603 this is the 2nd attempt to reach you call 09066368753 asap box 97n7qp 150ppm,spam
aiyah ok wat as long as got improve can already wat,ham
lol oops sorry have fun,ham
anyway im going shopping on my own now cos my sis not done yet dun disturb u liao,ham
oh yes why is it like torture watching england,ham
in the end she might still vomit but its okay not everything will come out,ham
ok no prob,ham
ok the theory test when are ì going to book i think its on 21 may coz thought wanna go out with jiayin but she isnt free,ham
er hello things didnû÷t quite go to plan ûò is limping slowly home followed by aa and with exhaust hanging off,ham
hi chikku send some nice msgs,ham
i want some cock my hubbys away i need a real man 2 satisfy me txt wife to 89938 for no strings action txt stop 2 end txt rec å£150ea otbox 731 la1 7ws,spam
if i was i wasnt paying attention,ham
ok i shall talk to him,ham
adult 18 content your video will be with you shortly,spam
so check your errors and if you had difficulties do correction,ham
geeeee your internet is really bad today eh,ham
hey girl how r u hope u r well me an del r bak again long time no c give me a call sum time from lucyxx,ham
y so late but i need to go n get da laptop,ham
are you in the pub,ham
ill always be there even if its just in spirit ill get a bb soon just trying to be sure i need it,ham
sorry ill call later in meeting,ham
ok ill tell the company,ham
i think steyn surely get one wicket,ham
unfortunately ive just found out that we have to pick my sister up from the airport that evening so dont think ill be going out at all we should try to go out one of th,ham
good morning im suffering from fever and dysentry will not be able to come to office today,ham
yeah no probs last night is obviously catching up with you speak soon,ham
mmmmm i loved waking to your words this morning i miss you too my love i hope your day goes well and you are happy i wait for us to be together again,ham
urgent we are trying to contact you last weekends draw shows that you have won a å£900 prize guaranteed call 09061701851 claim code k61 valid 12hours only,spam
partys at my place at usf no charge but if you can contribute in any way it is greatly appreciated and yeah we got room for one more,ham
sorry ive not gone to that place ill do so tomorrow really sorry,ham
ok lor,ham
ok how many should i buy,ham
yay cant wait to party together,ham
wat u doing there,ham
ok i am a gentleman and will treat you with dignity and respect,ham
yeah you should i think you can use your gt atm now to register not sure but if theres anyway i can help let me know but when you do be sure you are ready,ham
what do u reckon as need 2 arrange transport if u cant do it thanks,ham
ok i wont call or disturb any one i know all are avoiding me i am a burden for all,ham
if you ask her or she say any please message,ham
done it but internet connection v slow and canû÷t send it will try again later or first thing tomo,ham
piss is talking is someone that realise u that point this at is itnow read it backwards,ham
i sent lanre fakeyes eckankar details to the mail box,ham
nope juz off from work,ham
great escape i fancy the bridge but needs her lager see you tomo,ham
youll not rcv any more msgs from the chat svc for free hardcore services text go to 69988 if u get nothing u must age verify with yr network try again,spam
don knowwait i will check it,ham
from tomorrow onwards eve 6 to 3 work,ham
doing nothing then u not having dinner w us,ham
i anything lor,ham
am also doing in cbe only but have to pay,ham
huh hyde park not in mel ah opps got confused anyway if tts e best choice den we juz have to take it,ham
for ur chance to win a å£250 wkly shopping spree txt shop to 80878 tscs wwwtxt2shopcom custcare 08715705022 1x150pwk,spam
infact happy new year how are you where are you when are we seeing,ham
yes it completely in out of formclark also utter waste,ham
you only hate me you can call any but you didnt accept even a single call of mine or even you messaged,ham
gain the rights of a wifedont demand iti am trying as husband toolets see,ham
i wish that i was with you holding you tightly making you see how important you are how much you mean to me how much i need you in my life,ham
yar but they say got some error,ham
win urgent your mobile number has been awarded with a å£2000 prize guaranteed call 09061790121 from land line claim 3030 valid 12hrs only 150ppm,spam
feb ltgt is i love u day send dis to all ur valued frnds evn me if 3 comes back ull gt married d person u luv if u ignore dis u will lose ur luv 4 evr,ham
dunno he jus say go lido same time 930,ham
i forgot 2 ask ì all smth theres a card on da present lei how ìï all want 2 write smth or sign on it,ham
havent eaten all day im sitting here staring at this juicy pizza and i cant eat it these meds are ruining my life,ham
i career tel have added u as a contact on indyarockscom to send free sms to remove from phonebook sms no to ltgt,ham
gud ni8swt drmstake care,ham
to day class is there are no class,ham
thanks for your ringtone order ref number r836 your mobile will be charged å£450 should your tone not arrive please call customer services on 09065069154,spam
hey babe sorry i didnt get sooner gary can come and fix it cause he thinks he knows what it is but he doesnt go as far a ptbo and he says it will cost ltgt bucks i dont know if it might be cheaper to find someone there we dont have any second hand machines at all right now let me know what you want to do babe,ham
this girl does not stay in bed this girl doesnt need recovery time id rather pass out while having fun then be cooped up in bed,ham
how stupid to say that i challenge godyou dont think at all on what i write instead you respond immed,ham
oops 4 got that bit,ham
yes princess i want to catch you with my big strong hands,ham
hitechnical supportproviding assistance to us customer through call and email,ham
eh u remember how 2 spell his name yes i did he v naughty make until i v wet,ham
hi darlin did youphone me im athome if youwanna chat,ham
jay says hell put in ltgt,ham
missing you toopray inshah allah,ham
that depends how would you like to be treated,ham
yeah i can still give you a ride,ham
it has issues right now ill fix for her by tomorrow,ham
oh sorry please its over,ham
me hungry buy some food good lei but mum n yun dun wan juz buy a little bit,ham
exactly anyways how far is jide her to study or just visiting,ham
promotion number 8714714 ur awarded a city break and could win a å£200 summer shopping spree every wk txt store to 88039 skilgme tscs087147403231winawkage16 å£150perwksub,spam
your board is working fine the issue of overheating is also reslove but still software inst is pending i will come around 8o clock,ham
yeah dont go to bed ill be back before midnight,ham
freemsgfav xmas tonesreply real,spam
you still around i could use a half8th,ham
cud u tell ppl im gona b a bit l8 cos 2 buses hav gon past cos they were full im still waitin 4 1 pete x,ham
how much it will cost approx per month,ham
hello from orange for 1 months free access to games news and sport plus 10 free texts and 20 photo messages reply yes terms apply wwworangecoukow,spam
important information 4 orange user 0789xxxxxxx today is your lucky day2find out why log onto httpwwwurawinnercom theres a fantastic surprise awaiting you,spam
you sure your neighbors didnt pick it up,ham
u buy newspapers already,ham
no i meant the calculation is the same that ltgt units at ltgt this school is really expensive have you started practicing your accent because its important and have you decided if you are doing 4years of dental school or if youll just do the nmde exam,ham
free msgwe billed your mobile number by mistake from shortcode 83332please call 08081263000 to have charges refundedthis call will be free from a bt landline,spam
also remember the beads dont come off ever,ham
dad says hurry the hell up,ham
u sleeping now or you going to take haha i got spys wat me online checking n replying mails lor,ham
its like that hotel dusk game i think you solve puzzles in a area thing,ham
haha they cant what at the most tmr forfeit haha so how,ham
awesome question with a cute answer someone asked a boy how is ur life he smiled amp answered she is fine gudnite,ham
whom you waited for yesterday,ham
so many people seems to be special at first sight but only very few will remain special to you till your last sight maintain them till life ends shjas,ham
i send the print outs da,ham
tell her i said eat shit,ham
private your 2003 account statement for fone no shows 800 unredeemed s i m points call 08715203656 identifier code 42049 expires 261004,spam
what u talking bout early morning its almost noon where your at,ham
reminder from o2 to get 250 pounds free call credit and details of great offers pls reply 2 this text with your valid name house no and postcode,spam
i will come tomorrow di,ham
my darling sister how are you doing whens school resuming is there a minimum wait period before you reapply do take care,ham
i sent them do you like,ham
you have to pls make a note of all shes exposed to also find out from her school if anyone else was vomiting is there a dog or cat in the house let me know later,ham
no but well do medical missions to nigeria,ham
nothing really just making sure everybodys up to speed,ham
hi my darlin im on my way to london and we have just been smashed into by another driver and have a big dent im really missing u what have u been up to xxx,ham
freemsg hi baby wow just got a new cam moby wanna c a hot pic or fancy a chatim w8in 4utxt rply chat to 82242 hlp 08712317606 msg150p 2rcv,spam
wow i never realized that you were so embarassed by your accomodations i thought you liked it since i was doing the best i could and you always seemed so happy about the cave im sorry i didnt and dont have more to give im sorry i offered im sorry your room was so embarassing,ham
great how is the office today,ham
wat time ì finish,ham
thats cause your old i live to be high,ham
ìï go home liao ask dad to pick me up at 6,ham
ssnervous ltgt,ham
god created gap btwn ur fingers so dat sum1 vry special will fill those gaps by holding ur hands now plz dont ask y he created so much gap between legs,ham
no im in the same boat still here at my moms check me out on yo im half naked,ham
or ill be a little closer like at the bus stop on the same street,ham
gokila is talking with you aha,ham
single line with a big meaning miss anything 4 ur best life but dont miss ur best life for anything gud nyt,ham
you wont believe it but its true its incredible txts reply g now to learn truly amazing things that will blow your mind from o2fwd only 18ptxt,spam
please sen my kind advice please come here and try,ham
thats cool i am a gentleman and will treat you with dignity and respect,ham
somebody should go to andros and steal ice,ham
all day working dayexcept saturday and sunday,ham
you dont know you jabo me abi,ham
how i noe did ì specify da domain as nusstu ìï still in sch,ham
erm i thought the contract ran out the4th of october,ham
r u meeting da ge at nite tmr,ham
its sarcasm nt scarcasim,ham
when is school starting where will you stay whats the weather like and the food do you have a social support system like friends in the school all these things are important,ham
r u in this continent,ham
carlos is taking his sweet time as usual so let me know when you and patty are donewant to smoke and ill tell him to haul ass,ham
photoshop makes my computer shut down,ham
save money on wedding lingerie at wwwbridalpetticoatdreamscouk choose from a superb selection with national delivery brought to you by weddingfriend,spam
height of confidence all the aeronautics professors wer calld amp they wer askd 2 sit in an aeroplane aftr they sat they wer told dat the plane ws made by their students dey all hurried out of d plane bt only 1 didnt move he saidif it is made by my students this wont even start datz confidence,ham
new textbuddy chat 2 horny guys in ur area 4 just 25p free 2 receive search postcode or at gaytextbuddycom txt one name to 89693 08715500022 rpl stop 2 cnl,spam
call 09094100151 to use ur mins calls cast 10pmin mob vary service provided by aom just gbp5month aom box61m60 1er until u stop ages 18 only,spam
u come n search tat vidnot finishd,ham
ok but they said ive got wisdom teeth hidden inside n mayb need 2 remove,ham
me sef dey laugh you meanwhile hows my darling anjie,ham
im good have you registered to vote,ham
i am in your office na,ham
yes rent is very expensive so its the way we save,ham
ok enjoy r u there in home,ham
hows it going got any exciting karaoke type activities planned im debating whether to play football this eve feeling lazy though,ham
sorry i cant help you on this,ham
good luck draw takes place 28th feb 06 good luck for removal send stop to 87239 customer services 08708034412,spam
shopping lor them raining mah hard 2 leave orchard,ham
private your 2003 account statement for 07808247860 shows 800 unredeemed s i m points call 08719899229 identifier code 40411 expires 061104,spam
hello lover how goes that new job are you there now are you happy do you think of me i wake my slave and send you a teasing kiss from across the sea,ham
oh shut it omg yesterday i had a dream that i had 2 kids both boys i was so pissed not only about the kids but them being boys i even told mark in my dream that he was changing diapers cause im not getting owed in the face,ham
call from 08702490080 tells u 2 call 09066358152 to claim å£5000 prize u have 2 enter all ur mobile personal details the prompts careful,spam
where are you you said you would be here when i woke,ham
yar lor actually we quite fast cos da ge slow wat haha,ham
both i shoot big loads so get ready,ham
i am going to film 2day da at 6pm sorry da,ham
valentines day special win over å£1000 in our quiz and take your partner on the trip of a lifetime send go to 83600 now 150pmsg rcvd custcare08718720201,spam
get ready for ltgt inches of pleasure,ham
yar lor wait 4 my mum 2 finish sch then have lunch lor i whole morning stay at home clean my room now my room quite clean hee,ham
u calling me right call my hand phone,ham
are you up for the challenge i know i am,ham
4 tacos 1 rajas burrito right,ham
get ready to moan and scream,ham
ki deleted my contact that why,ham
ok lor msg me b4 u call,ham
1 i dont have her number and 2 its gonna be a massive pain in the ass and id rather not get involved if thats possible,ham
are you going to wipro interview today,ham
ur tonexs subscription has been renewed and you have been charged å£450 you can choose 10 more polys this month wwwclubzedcouk billing msg,spam
fyi im taking a quick shower be at epsilon in like ltgt min,ham
sorry to trouble u again can buy 4d for my dad again 1405 1680 1843 all 2 big 1 small sat n sun thanx,ham
my sister in law hope you are having a great month just saying hey abiola,ham
ard 6 like dat lor,ham
ok lar joking wif u oni,ham
im at bruce amp fowler now but im in my moms car so i cant park long story,ham
fine am simply sitting,ham
if e timing can then i go w u lor,ham
yes we were outside for like 2 hours and i called my whole family to wake them up cause it started at 1 am,ham
hey mate spoke to the mag people weû÷re on the is deliver by the end of the month deliver on the 24th sept talk later,ham
ok lor i ned 2 go toa payoh 4 a while 2 return smth u wan 2 send me there or wat,ham
oh gei that happend to me in tron maybe ill dl it in 3d when its out,ham
oh dang i didnt mean o send that to you lol,ham
thats my honeymoon outfit,ham
nope thats fine i might have a nap tho,ham
hello madam how are you,ham
yessura in sun tvlol,ham
lol yeah at this point i guess not,ham
what is this hex place you talk of explain,ham
welcome to select an o2 service with added benefits you can now call our specially trained advisors free from your mobile by dialling 402,spam
draw vai dont think so,ham
bloomberg message center 447797706009 why wait apply for your future httpcareers bloombergcom,spam
hmph go head big baller,ham
i am great how are you,ham
ur cashbalance is currently 500 pounds to maximize ur cashin now send cash to 86688 only 150pmsg cc 08718720201 po box 11414 tcrw1,spam
like i made him throw up when we were smoking in our friends car one time it was awesome,ham
im done,ham
same as kallis dismissial in 2nd test,ham
havent left yet so probably gonna be here til dinner,ham
im home doc gave me pain meds says everything is fine,ham
kkwhat are detail you want to transferacc no enough,ham
freemsg hey im buffy 25 and love to satisfy men home alone feeling randy reply 2 c my pix qlynnbv help08700621170150p a msg send stop to stop txts,spam
why nothing ok anyway give me treat,ham
wait i will msg after ltgt min,ham
09066362231 urgent your mobile no 07xxxxxxxxx won a å£2000 bonus caller prize on 020603 this is the 2nd attempt to reach you call 09066362231 asap,spam
k can i pick up another 8th when youre done,ham
i am taking you for italian food how about a pretty dress with no panties,ham
cmon babe make me horny turn me on txt me your fantasy now babe im hot sticky and need you now all replies cost å£150 2 cancel send stop,spam
your weekly coolmob tones are ready to download this weeks new tones include 1 crazy frogaxel f 2 akonlonely 3 black eyeddont p more info in n,spam
actually im waiting for 2 weeks when they start putting ad,ham
haha yup hopefully we will lose a few kg by mon after hip hop can go orchard and weigh again,ham
so that takes away some money worries,ham
ok lor then we go tog lor,ham
good afternoon loverboy how goes you day any luck come your way i think of you sweetie and send my love across the sea to make you smile and happy,ham
you still coming tonight,ham
can im free,ham
for ur chance to win å£250 cash every wk txt play to 83370 tscs wwwmusictrivianet custcare 08715705022 1x150pwk,spam
what he said is not the matter my mind saying some other matter is there,ham
please tell me not all of my car keys are in your purse,ham
then mums repent how,ham
moby pub quizwin a å£100 high street prize if u know who the new duchess of cornwall will be txt her first name to 82277unsub stop å£150 008704050406 sp arrow,spam
your brother is a genius,ham
hi darlin its kate are u up for doin somethin tonight im going to a pub called the swan or something with my parents for one drink so phone me if u can,ham
so now my dad is gonna call after he gets out of work and ask all these crazy questions,ham
prabhaim sorydarealyfrm heart im sory,ham
ive reached already,ham
hows my favourite person today r u workin hard couldnt sleep again last nite nearly rang u at 430,ham
our records indicate u maybe entitled to 5000 pounds in compensation for the accident you had to claim 4 free reply with claim to this msg 2 stop txt stop,spam
thats y i said its bad dat all e gals know u wat u doing now,ham
yo any way we could pick something up tonight,ham
sunshine quiz win a super sony dvd recorder if you canname the capital of australia text mquiz to 82277 b,spam
well theres not a lot of things happening in lindsay on new years sighs some bars in ptbo and the blue heron has something going,ham
then what about further plan,ham
yo you gonna still be in stock tomorrowtoday im trying to get a dubsack,ham
nonenowhere ikno doesdiscountshitinnit,ham
have a good trip watch out for remember when you get back we must decide about easter,ham
it vl bcum more difficult,ham
christmas is an occasion that is celebrated as a reflection of ur values desires affectionsamp traditions have an ideal christmas,ham
where,ham
this is the 2nd time we have tried 2 contact u u have won the 750 pound prize 2 claim is easy call 08712101358 now only 10p per min btnationalrate,spam
im gonna rip out my uterus,ham
i dun thk ill quit yet hmmm can go jazz yogasana oso can we can go meet em after our lessons den,ham
we can go 4 e normal pilates after our intro,ham
carlosll be here in a minute if you still need to buy,ham
still in the area of the restaurant ill try to come back soon,ham
everybody had fun this evening miss you,ham
i love to wine and dine my lady,ham
congratulations thanks to a good friend u have won the å£2000 xmas prize 2 claim is easy just call 08718726971 now only 10p per minute btnationalrate,spam
im in a meeting call me later at,ham
alright im outhave a good night,ham
on a tuesday night r u 4 real,ham
u sure u cant take any sick time,ham
just got outta class gonna go gym,ham
yes i know the cheesy songs from frosty the snowman,ham
these wont do have to move on to morphine,ham
actually i decided i was too hungry so i havent left yet v,ham
whats that coming over the hill is it a monster hope you have a great day things r going fine here busy though,ham
sorry da thangamits my mistake,ham
freeringtone reply real or poly eg real1 1 pushbutton 2 dontcha 3 babygoodbye 4 golddigger 5 webeburnin 1st tone free and 6 more when u join for å£3wk,spam
just send a text well skype later,ham
cuz ibored and don wanna study,ham
oh yes ive just been a little under the weather so ive kind of been coccooning at home,ham
six chances to win cash from 100 to 20000 pounds txt csh11 and send to 87575 cost 150pday 6days 16 tsandcs apply reply hl 4 info,spam
1 in cbe 2 in chennai,ham
did you catch the bus are you frying an egg did you make a tea are you eating your moms left over dinner do you feel my love,ham
i got arrested for possession at i shit you not lttimegt pm,ham
can you just come in for a sec theres somebody here i want you to see,ham
i love u 2 babe r u sure everything is alrite is he being an idiot txt bak girlie,ham
yeah probably i still gotta check out with leo,ham
y she dun believe leh i tot i told her its true already i thk she muz c us tog then she believe,ham
sorryin meeting ill call later,ham
well im glad you didnt find it totally disagreeable lol,ham
as a valued customer i am pleased to advise you that following recent review of your mob no you are awarded with a å£1500 bonus prize call 09066364589,spam
haha but no money leh later got to go for tuition haha and looking for empty slots for driving lessons,ham
just finished eating got u a plate not leftovers this time,ham
what happened in interview,ham
yep at dereks house now see you sunday lt3,ham
û and donû÷t worry weû÷ll have finished by march û ish,ham
until 545 lor ya can go 4 dinner together,ham
call him and say you not coming today ok and tell them not to fool me like this ok,ham
what r u cooking me for dinner,ham
hey cutie how goes it here in wales its kinda ok there is like hills and shit but i still avent killed myself,ham
sleeping nt feeling well,ham
we left already we at orchard now,ham
hey pple700 or 900 for 5 nightsexcellent location wif breakfast hamper,ham
my drive can only be read i need to write,ham
yar he quite clever but aft many guesses lor he got ask me 2 bring but i thk darren not so willing 2 go aiya they thk leona still not attach wat,ham
aight tomorrow around ltgt it is,ham
where is it is there any opening for mca,ham
glad it went well come over at 11 then well have plenty of time before claire goes to work,ham
enjoy urself tmr,ham
later i guess i needa do mcat study too,ham
dear voucher holder to claim this weeks offer at your pc please go to httpwwwwtlpcouktext tscs apply,spam
oh kay on sat right,ham
we tried to contact you re your reply to our offer of a video handset 750 anytime networks mins unlimited text camcorder reply or call 08000930705 now,spam
hey do u fancy meetin me at 4 at cha åð hav a lil beverage on me if not txt or ring me and we can meet up l8r quite tired got in at 3 vpist love pete x x x,ham
free entry in 2 a weekly comp for a chance to win an ipod txt pod to 80182 to get entry std txt rate tcs apply 08452810073 for details 18,spam
dearme at cherthalain case u r coming cochin pls call bfore u starti shall also reach accordinglyor tell me which day u r comingtmorow i am engaged ans its holiday,ham
dont forget you can place as many free requests with 1stchoicecouk as you wish for more information call 08707808226,spam
mm that time you dont like fun,ham
are you still getting the goods,ham
to review and keep the fantastic nokia ngage game deck with club nokia go 2 wwwcnupdatescomnewsletter unsubscribe from alerts reply with the word out,spam
you are a winner u have been specially selected 2 receive å£1000 cash or a 4 holiday flights inc speak to a live operator 2 claim 0871277810810,spam
ok i feel like john lennon,ham
kkwhere are youhow did you performed,ham
aldrine rakhesh ex rtm herepls callurgent,ham
no she didnt i will search online and let you know,ham
i really need 2 kiss u i miss u my baby from ur baby 4eva,ham
ok give me 5 minutes i think i see her btw youre my alibi you were cutting my hair the whole time,ham
understand his loss is my gain so do you work school,ham
depends on where u going lor,ham
network operator the service is free for t cs visit 80488biz,spam
ofcourse i also upload some songs,ham
bishan lar nearer no need buy so early cos if buy now i gotta park my car,ham
mm umma ask vava also to come tell him can play later together,ham
aight should i just plan to come up later tonight,ham
ard 530 lor i ok then message ì lor,ham
good evening sir al salam wahleykkumsharing a happy newsby the grace of god i got an offer from tayseertissco and i joinedhope you are fineinshah allahmeet you sometimerakheshvisitor from india,ham
come round its,ham
tell me something thats okay,ham
u have a secret admirer who is looking 2 make contact with ufind out who they rreveal who thinks ur so specialcall on 09065171142stopsms08,spam
25p 4 alfie moons children in need song on ur mob tell ur m8s txt tone charity to 8007 for nokias or poly charity for polys zed 08701417012 profit 2 charity,spam
and also ive sorta blown him off a couple times recently so id rather not text him out of the blue looking for weed,ham
now get step 2 outta the way congrats again,ham
okie,ham
night has ended for another day morning has come in a special way may you smile like the sunny rays and leaves your worries at the blue blue bay gud mrng,ham
u can call me now,ham
good morning my dear have a great amp successful day,ham
please attend the phone,ham
hey can you tell me blakes address carlos wanted me to meet him there but i got lost and hes not answering his phone,ham
usually the body takes care of it buy making sure it doesnt progress can we pls continue this talk on saturday,ham
finally the match heading towards draw as your prediction,ham
hey gals anyone of u going down to e driving centre tmr,ham
babe i need your advice,ham
hi babe im at home now wanna do something xx,ham
please da call me any mistake from my side sorry da pls da goto doctor,ham
k must book a not huh so going for yoga basic on sunday,ham
allo we have braved the buses and taken on the trains and triumphed i mean weû÷re in bû÷ham have a jolly good rest of week,ham
hmv bonus special 500 pounds of genuine hmv vouchers to be won just answer 4 easy questions play now send hmv to 86688 more infowww100percentrealcom,spam
i wont so wats wit the guys,ham
freemsgfeelin kinda lnly hope u like 2 keep me company jst got a cam moby wanna c my pictxt or reply date to 82242 msg150p 2rcv hlp 08712317606 stop to 82242,spam
u definitely need a module from e humanities dis sem izzit u wan 2 take other modules 1st,ham
den only weekdays got special price haiz cant eat liao cut nails oso muz wait until i finish drivin wat lunch still muz eat wat,ham
oh ok wait 4 me there my lect havent finish,ham
havent heard anything and hes not answering my texts so im guessing he flaked that said the jb is fantastic,ham
haha i heard that text me when youre around,ham
oh you got many responsibilities,ham
im done just studyn in library,ham
im always looking for an excuse to be in the city,ham
sicomo nolistened2the plaid albumquite gdthe new air1 which is hilariousalso boughtåóbraindanceåóa compofstuff on aphexåõs abel u hav2hear itc u sn xxxx,ham
for real when u getting on yo i only need 2 more tickets and one more jacket and im done i already used all my multis,ham
i think its all still in my car,ham
hi babe u r most likely to be in bed but im so sorry about tonight i really wanna see u tomorrow so call me at 9 love me xxx,ham
hows ur paper,ham
thatåõs alrite girl u know gail is neva wrongtake care sweet and donåõt worryc u l8tr hunlove yaxxx,ham
are you at work right now,ham
whats up bruv hope you had a great break do have a rewarding semester,ham
wats da model num of ur phone,ham
want explicit sex in 30 secs ring 02073162414 now costs 20pmin gsex pobox 2667 wc1n 3xx,spam
urgent your 4 costa del sol holiday or å£5000 await collection call 09050090044 now toclaim sae tc s pobox334 stockport sk38xh costå£150pm max10mins,spam
yo you around just got my car back,ham
text her if she doesnt reply let me know so i can have her log in,ham
shb b ok lor thanx,ham
its wylie you in tampa or sarasota,ham
tell rob to mack his gf in the theater,ham
as one of our registered subscribers u can enter the draw 4 a 100 gb gift voucher by replying with enter to unsubscribe text stop,spam
sent me ur email id soon,ham
r ì going 4 todays meeting,ham
none of thats happening til you get here though,ham
i cant believe how attached i am to seeing you every day i know you will do the best you can to get to me babe i will go to teach my class at your midnight,ham
ha you donû÷t know either i did a a clever but simple thing with pears the other day perfect for christmas,ham
send me yettys number pls,ham
no i dont have cancer moms making a big deal out of a regular checkup aka pap smear,ham
its justbeen overa week since we broke up and already our brains are going to mush,ham
hard but true how much you show amp express your love to someonethat much it will hurt when they leave you or you get seperatedö´óû¬ud evening,ham
i dont know oh hopefully this month,ham
i surely dont forgot to comei will always be in touch in with you,ham
lol i was gonna last month i cashed some in but i left ltgt just in case i was collecting more during the week cause they announced it on the blog,ham
congrats treat pendingi am not on mail for 2 dayswill mail once thrurespect mother at homecheck mails,ham
dunno da next show aft 6 is 850 toa payoh got 650,ham
can help u swoop by picking u up from wherever ur other birds r meeting if u want,ham
long beach lor expected u having dinner now,ham
y bishan lei i tot ì say lavender,ham
hii got the money da,ham
wow so healthy old airport rd lor cant thk of anything else but ill b bathing my dog later,ham
your credits have been topped up for httpwwwbubbletextcom your renewal pin is tgxxrz,spam
i like dis sweater fr mango but no more my size already so irritating,ham
sad story of a man last week was my bday my wife didnt wish me my parents forgot n so did my kids i went to work even my colleagues did not wish as i entered my cabin my pa said happy bday boss i felt special she askd me 4 lunch after lunch she invited me to her apartment we went there she said do u mind if i go into the bedroom for a minute ok i sed in a sexy mood she came out 5 minuts latr wid a caken my wife my parents my kidz my friends n my colleagues all screaming surprise and i was waiting on the sofa naked,ham
well then you have a great weekend,ham
daddy will take good care of you,ham
this message is brought to you by gmw ltd and is not connected to the,spam
how are you wish you a great semester,ham
if you dont your prize will go to another customer tc at wwwtcbiz 18 150pmin polo ltd suite 373 london w1j 6hl please call back if busy,spam
hottest pics straight to your phone see me getting wet and wanting just for you xx text pics to 89555 now txt costs 150p textoperator g696ga 18 xxx,spam
you have been selected to stay in 1 of 250 top british hotels for nothing holiday worth å£350 to claim call london 02072069400 bx 526 sw73ss,spam
waqt se pehle or naseeb se zyada kisi ko kuch nahi miltazindgi wo nahi he jo hum sochte hai zindgi wo hai jo ham jeetey hai,ham
hey what how about your project started aha da,ham
sorry for the delay yes masters,ham
i only work from mon to thurs but sat i cant leh booked liao which other day u free,ham
you call times job today ok umma and ask them to speed up,ham
you bad girl i can still remember them,ham
so lets make it saturday or monday as per convenience,ham
hello my boytoy geeee i miss you already and i just woke up i wish you were here in bed with me cuddling me i love you,ham
ha then we must walk to everywhere cannot take tram my cousin said can walk to vic market from our hotel,ham
ello babe u ok,ham
serious what like proper tongued her,ham
que pases un buen tiempo or something like that,ham
science tells that chocolate will melt under the sunlight please dont walk under the sunlight bcozi dont want to loss a sweet friend,ham
i want ltgt rs dado you have it,ham
how are you its been ages hows abj,ham
urgent we are trying to contact u todays draw shows that you have won a å£800 prize guaranteed call 09050003091 from land line claim c52 valid12hrs only,spam
how is it possible to teach you and where,ham
when you are big god will bring success,ham
mmm fuck merry christmas to me,ham
sorry im getting up now feel really bad totally rejected that kinda me thing,ham
when you guys planning on coming over,ham
private your 2003 account statement for shows 800 unredeemed s i m points call 08715203694 identifier code 40533 expires 311004,spam
usf i guess might as well take 1 car,ham
hey doc pls i want to get nice t shirt for my hubby nice fiting ones my budget is ltgt k help pls i will load d card abi hwkeep me posted luv 2 mj,ham
okay name ur price as long as its legal wen can i pick them up y u ave x ams xx,ham
wa u so efficient gee thanx,ham
hmmm mayb can try e shoppin area one but forgot e name of hotel,ham
yeah thats what i was thinking,ham
after my work ah den 6 plus lor u workin oso rite den go orchard lor no other place to go liao,ham
nite nite pocay wocay luv u more than n e thing 4eva i promise ring u 2morrowxxxx,ham
hmmm i thought we said 2 hours slave not 3 you are late how should i punish you,ham
dunno my dad said he coming home 2 bring us out 4 lunch yup i go w u lor i call u when i reach school lor,ham
er yeah i will b there at 1526 sorry just tell me which pubcafe to sit in and come wen u can,ham
i am at a party with alex nichols,ham
think da you wil do,ham
every mondaynxt week vl be completing,ham
win a å£200 shopping spree every week starting now 2 play text store to 88039 skilgme tscs08714740323 1winawk age16 å£150perweeksub,spam
i have a date on sunday with will,ham
u still havent got urself a jacket ah,ham
just normal only here,ham
today iz yellow rose day if u love my frndship give me 1 misscall amp send this to ur frndz amp see how many miss calls u get if u get 6missed u marry ur lover,ham
ok c ì then,ham
no i decided that only people who care about stuff vote and caring about stuff is for losers,ham
gibbs unsoldmike hussey,ham
i will reach ur home in ltgt minutes,ham
lmao you know me so well,ham
will purchase d stuff today and mail to you do you have a po box number,ham
7 lor change 2 suntec wat time u coming,ham
asked 3mobile if 0870 chatlines inclu in free mins india cust servs sed yes l8er got mega bill 3 dont giv a shit bailiff due in days i o å£250 3 want å£800,spam
when u wana see it then,ham
by march ending i should be ready but will call you for sure the problem is that my capital never complete how far with you hows work and the ladies,ham
reply to win å£100 weekly where will the 2006 fifa world cup be held send stop to 87239 to end service,spam
boy i love u grl hogolo boy gold chain kodstini grl agalla boy necklace madstini grl agalla boy hogli 1 mutai eerulli kodthini grl i love u kano,ham
ltgt ish minutes was 5 minutes ago wtf,ham
life style garments account no please,ham
eh den sat u book e kb liao huh,ham
frnd s not juz a wordnot merely a relationshipits a silent promise which says i will be with you wherevr whenevr forevr gudnyt dear,ham
i want kfc its tuesday only buy 2 meals only 2 no gravy only 2 mark 2,ham
oh is it which brand,ham
was actually about to send you a reminder today have a wonderful weekend,ham
im in inside officestill filling formsdon know when they leave me,ham
u dont know how stubborn i am i didnt even want to go to the hospital i kept telling mark im not a weak sucker hospitals are for weak suckers,ham
you intrepid duo you have a great time and see you both soon,ham
hi hope you had a good day have a better night,ham
what time you think youll have it need to know when i should be near campus,ham
new tones this week include 1mcflyall ab 2 sara jorgeshock 3 will smithswitch to order follow instructions on next message,spam
u can win å£100 of music gift vouchers every week starting now txt the word draw to 87066 tscs wwwidewcom skillgame 1winaweek age16 150ppermesssubscription,spam
hi neva worry bout da truth coz the truth will lead me 2 ur heart itåõs the least a unique person like u deserve sleep tight or morning,ham
dear matthew please call 09063440451 from a landline your complimentary 4lux tenerife holiday or å£1000 cash await collection ppm150 sae tcs box334 sk38xh,spam
audrie lousy autocorrect,ham
did u find a sitter for kaitlyn i was sick and slept all day yesterday,ham
hey babe my friend had to cancel still up for a visit,ham
indeed and by the way it was either or not both,ham
god blessget good sleep my deari will pray,ham
send me the new number,ham
gam gone after outstanding innings,ham
oh right ok ill make sure that i do loads of work during the day got a really nasty cough today and is dry n shot so that should really help it,ham
you can donate å£250 to unicefs asian tsunami disaster support fund by texting donate to 864233 å£250 will be added to your next bill,spam
anytime lor,ham
mmmm fuck not fair you know my weaknesses grins pushes you to your knees exposes my belly and pulls your head to it dont forget i know yours too wicked smile,ham
how did you find out in a way that didnt include all of these details,ham
ard 530 like dat lor we juz meet in mrt station then ì dun haf to come out,ham
did you get any gift this year i didnt get anything so bad,ham
yes we are chatting too,ham
how are you just checking up on you,ham
did u see what i posted on your facebook,ham
doing my masters when will you buy a bb cos i have for sale and hows bf,ham
but you were together so you should be thinkin about him,ham
i emailed yifeng my part oredi can ì get it fr him,ham
k ill call you when im close,ham
i know dat feelin had it with pete wuld get with em nuther place nuther time mayb,ham
well its not like you actually called someone a punto that woulda been worse,ham
shopping eh ger i toking abt syd lehhaha,ham
lol i would but despite these cramps i like being a girl,ham
tell me pa how is pain de,ham
no im not gonna be able to too late notice ill be home in a few weeks anyway what are the plans,ham
yup he msg me is tat yijue then i tot its my group mate cos we meeting today mah im askin if ì leaving earlier or wat mah cos mayb ì haf to walk v far,ham
want to funk up ur fone with a weekly new tone reply tones2u 2 this text wwwringtonescouk the original n best tones 3gbp network operator rates apply,spam
ltgt in mca but not conform,ham
is ur paper today in e morn or aft,ham
then u going ikea str aft dat,ham
a cute thought for friendship its not necessary to share every secret with ur close frnd but watever u shared should be true,ham
true its easier with her here,ham
beerage,ham
an amazing quote sometimes in life its difficult to decide whats wrong a lie that brings a smile or the truth that brings a tear,ham
i see the letter b on my car,ham
ok thanx,ham
if i die i want u to have all my stuffs,ham
many more happy returns of the day i wish you happy birthday,ham
aiyah u did ok already lar e nydc at wheellock,ham
i am in tirupur da once you started from office call me,ham
living is very simple loving is also simple laughing is too simple winning is tooo simple but being simple is very difficult,ham
i not at home now lei,ham
oh yeah clearly its my fault,ham
yes i started to send requests to make it but pain came back so im back in bed double coins at the factory too i gotta cash in all my nitros,ham
pity was in mood for that soany other suggestions,ham
no dice art class 6 thru 9 thanks though any idea what time i should come tomorrow,ham
aiyah sorry lor i watch tv watch until i forgot 2 check my phone,ham
i wish i dont think its gonna snow that much but it will be more than those flurries we usually get that melt before they hit the ground eek we havent had snow since ltgt before i was even born,ham
i am not at all happy with what you saying or doing,ham
for real tho this sucks i cant even cook my whole electricity is out and im hungry,ham
your gonna be the death if me im gonna leave a note that says its all robs fault avenge me,ham
i want to be inside you every night,ham
yunny im goin to be late,ham
just chill for another 6hrs if you could sleep the pain is not a surgical emergency so see how it unfolds okay,ham
good good job i like entrepreneurs,ham
oh ok wats ur email,ham
hello beautiful r u ok ive kinda ad a row wiv and he walked out the pub i wanted a night wiv u miss u,ham
as per your request maangalyam alaipayuthe has been set as your callertune for all callers press 9 to copy your friends callertune,ham
i keep seeing weird shit and bein all woah then realising its actually reasonable and im all oh,ham
oh fuck juswoke up in a bed on a boatin the docks slept wid 25 year old spinout giv u da gossip l8r xxx,ham
hey you around ive got enough for a half the ten i owe you,ham
thk some of em find wtc too far weiyi not goin e rest i dunno yet r ur goin 4 dinner den i might b able to join,ham
big brotherû÷s really scraped the barrel with this shower of social misfits,ham
lol i know hey someone did a great inpersonation of flea on the forums i love it,ham
urgent we are trying to contact u todays draw shows that you have won a å£800 prize guaranteed call 09050001295 from land line claim a21 valid 12hrs only,spam
give one miss from that number please,ham
wow youre right i didnt mean to do that i guess once i gave up on boston men and changed my search location to nyc something changed cuz on my signin page it still says boston,ham
im meeting darren,ham
no shes currently in scotland for that,ham
ladies first and genus second k,ham
asking do u knw them or nt may be ur frnds or classmates,ham
ill let you know when it kicks in,ham
sms ac blind date 4u rodds1 is 21m from aberdeen united kingdom check him out httpimg sms acwicmb3cktz8r74 no blind dates send hide,spam
the tables occupied im waiting by the tree,ham
once free call me sir,ham
he like not v shock leh cos telling shuhui is like telling leona also like dat almost all know liao he got ask me abt ur reaction lor,ham
u have won a nokia 6230 plus a free digital camera this is what u get when u win our free auction to take part send nokia to 83383 now pobox11414tcrw1 16,spam
hi its kate can u give me a ring asap xxx,ham
that was random saw my old roomate on campus he graduated,ham
blank is blank but wat is blank lol,ham
are you plans with your family set in stone,ham
you are a big chic common declare,ham
you know there is i shall speak to you in ltgt minutes then,ham
orh i tot u say she now still dun believe,ham
saw guys and dolls last night with patrick swayze it was great,ham
i am in bus on the way to calicut,ham
what your plan for pongal,ham
just hopeing that wasnû÷t too pissed up to remember and has gone off to his sisters or something,ham
tmr then ì brin lar aiya later i come n c lar mayb ì neva set properly ì got da help sheet wif ì,ham
apo all other are mokka players only,ham
urgent call 09066649731from landline your complimentary 4 ibiza holiday or å£10000 cash await collection sae tcs po box 434 sk3 8wp 150ppm 18,spam
oic then better quickly go bathe n settle down,ham
also that chat was awesome but dont make it regular unless you can see her in person,ham
ah poop looks like ill prob have to send in my laptop to get fixed cuz it has a gpu problem,ham
you can jot down things you want to remember later,ham
swhrt how u deyhope ur ok tot about u 2daylove n misstake care,ham
mm i am on the way to railway,ham
im home,ham
carlos took a while again we leave in a minute,ham
buzz hey my love i think of you and hope your day goes well did you sleep in i miss you babe i long for the moment we are together againloving smile,ham
pls go ahead with watts i just wanted to be sure do have a great weekend abiola,ham
hope ur head doesnt hurt 2 much am ploughing my way through a pile of ironing staying in with a chinky tonight come round if you like,ham
oi ami parchi na re kicchu kaaj korte iccha korche na phone ta tul na plz plz,ham
the length is e same but e top shorter n i got a fringe now i thk im not going liao too lazy dun wan 2 distract u also,ham
hello sort of out in town already that so dont rush home i am eating nachos will let you know eta,ham
how have your little darlings been so far this week need a coffee run tomocant believe its that time of week already û,ham
and you will expect you whenever you text hope all goes well tomo,ham
500 free text msgs just text ok to 80488 and well credit your account,spam
uûªve bin awarded å£50 to play 4 instant cash call 08715203028 to claim every 9th player wins min å£50å£500 optout 08718727870,spam
aight we can pick some up you open before tonight,ham
think i could stop by in like an hour or so my roommates looking to stock up for a trip,ham
dude ive been seeing a lotta corvettes lately,ham
themobyo yo yohere comes a new selection of hot downloads for our members to get for free just click open the next link sent to ur fone,spam
alright babe justthought iåõd sayhey how u doinnearly the endof me wk offdam nevamindwe will have 2hook up sn if uwant m8 lovejen x,ham
ha i wouldnt say that i just didnt read anything into way u seemed i dont like 2 be judgementali save that for fridays in the pub,ham
yes watching footie but worried were going to blow it phil neville,ham
sweet we may or may not go to 4u to meet carlos so gauge pattys interest in that,ham
oh that was a forwarded message i thought you send that to me,ham
she just broke down a list of reasons why nobodys in town and i cant tell if shes being sarcastic or just faggy,ham
tension ahwhat machiany problem,ham
sday only joinedso training we started today,ham
just so that you knowyetunde hasnt sent money yet i just sent her a text not to bother sending so its over you dont have to involve yourself in anything i shouldnt have imposed anything on you in the first place so for that i apologise,ham
rofl its true to its name,ham
esplanade lor where else,ham
i am joining today formallypls keep prayingwill talk later,ham
have you always been saying welp,ham
i know you are can you pls open the back,ham
full heat pa i have applyed oil pa,ham
win a year supply of cds 4 a store of ur choice worth å£500 enter our å£100 weekly draw txt music to 87066 tscs wwwldewcomsubs161win150ppmx3,spam
yeah thats fine its å£6 to get in is that ok,ham
hey what time is your driving on fri we go for evaluation on fri,ham
no probs hon how u doinat the mo,ham
do you still have the grinder,ham
ding me on ya break fassyole blacko from londn,ham
its hard to believe things like this all can say lie but think twice before saying anything to me,ham
latest news police station toilet stolen cops have nothing to go on,spam
thanx yup we coming back on sun finish dinner going back 2 hotel now time flies were tog 4 exactly a mth today hope well haf many more mths to come,ham
what class of ltgt reunion,ham
aight text me when youre back at mu and ill swing by need somebody to get the door for me,ham
i dont want to hear philosophy just say what happen,ham
nope ill come online now,ham
what part of dont initiate dont you understand,ham
haha where got so fast lose weight thk muz go 4 a month den got effect geelater we go aust put bk e weight,ham
4mths half price orange line rental latest camera phones 4 free had your phone 11mths call mobilesdirect free on 08000938767 to update now or2stoptxt tcs,spam
do ì noe if ben is going,ham
which is weird because i know i had it at one point,ham
romantic paris 2 nights 2 flights from å£79 book now 4 next year call 08704439680tscs apply,spam
loans for any purpose even if you have bad credit tenants welcome call noworriesloanscom on 08717111821,spam
boy you best get yo ass out here quick,ham
ditto and you wont have to worry about me saying anything to you anymore like i said last night you do whatever you want and ill do the same peace,ham
urgent your mobile number has been awarded with a å£2000 prize guaranteed call 09061790126 from land line claim 3030 valid 12hrs only 150ppm,spam
hiya comin 2 bristol 1 st week in april les got off rudi on new yrs eve but i was snoringthey were drunk u bak at college yet my work sends ink 2 bath,ham
he telling not to tell any one if so treat for me hi hi hi,ham
hellodrivby0quit edrunk sorry iff pthis makes no senrddnot no how dancce 2 drum n basqihave fun 2nhite x ros xxxxxxx,ham
22 days to kick off for euro2004 u will be kept up to date with the latest news and results daily to be removed send get txt stop to 83222,spam
gods love has no limit gods grace has no measure gods power has no boundaries may u have gods endless blessings always in ur life gud ni8,ham
i thought we were doing a king of the hill thing there,ham
ok ok take care i can understand,ham
yeshe have good crickiting mind,ham
that means you got an a in epi shes fine shes here now,ham
ok u enjoy ur shows,ham
meet after lunch la,ham
did you try making another butt,ham
aiyo her lesson so early im still sleepin haha okie u go home liao den confirm w me lor,ham
omg joanna is freaking me out shes looked thru all my friends to find photos of me and then shes asking about stuff on my myspace which i havent even logged on in like a year,ham
and that is the problem you walk around in julianaland oblivious to what is going on around you i say the same things constantly and they go in one ear and out the other while you go off doing whatever you want to do its not that you dont know why im upsetits that you dont listen when i tell you what is going to upset me then you want to be surprised when im mad,ham
anyway holla at me whenever youre around because i need an excuse to go creep on people in sarasota,ham
unlimited texts limited minutes,ham
lol u still feeling sick,ham
im job profile seems like bpo,ham
so li hai me bored now da lecturer repeating last weeks stuff waste time,ham
i am getting threats from your sales executive shifad as i raised complaint against him its an official message,ham
alrite sam its nic just checkin that this is ur numberso is ittb,ham
re your call you didnt see my facebook huh,ham
not yet chikkugoing to room nw im in bus,ham
no da vijay going to talk in jaya tv,ham
ask g or iouri ive told the story like ten times already,ham
ìï all write or wat,ham
ok im gonna head up to usf in like fifteen minutes,ham
urgent call 09061749602 from landline your complimentary 4 tenerife holiday or å£10000 cash await collection sae tcs box 528 hp20 1yf 150ppm 18,spam
my sister cleared two round in birla soft yesterday,ham
finally it has happened aftr decades beer is now cheaper than petrol the goverment expects us to drink but dont drive,ham
oh ya ya i remember da,ham
you got called a tool,ham
do you want a new video phone 600 anytime any network mins 400 inclusive video calls and downloads 5 per week free deltomorrow call 08002888812 or reply now,spam
hello my love what are you doing did you get to that interview today are you you happy are you being a good boy do you think of meare you missing me,ham
s but mostly not like that,ham
neft transaction with reference number ltgt for rs ltdecimalgt has been credited to the beneficiary account on ltgt at lttimegt ltgt,ham
have you not finished work yet or something,ham
really gooddhanush rocks once again,ham
why you dint come with us,ham
tomarrow final hearing on my laptop case so i cant,ham
hmmbad newshype park plaza 700 studio takenonly left 2 bedrm900,ham
change again its e one next to escalator,ham
when did dad get back,ham
yes its possible but dint try pls dont tell to any one k,ham
yeah why not is the gang all ready,ham
wot about on wed nite i am 3 then but only til 9,ham
i hav almost reached call i m unable to connect u,ham
ron say fri leh n he said ding tai feng cant make reservations but he said wait lor,ham
no problem with the renewal ill do it right away but i dont know his details,ham
from 5 to 2 only my work timing,ham
aiya we discuss later lar pick ì up at 4 is it,ham
anything lor is she coming,ham
at 7 we will go ok na,ham
havent shopping now lor i juz arrive only,ham
hey what happen de are you alright,ham
how u doin baby girl hope u are okay every time i call ure phone is off i miss u get in touch,ham
edison has rightly said a fool can ask more questions than a wise man can answer now you know why all of us are speechless during viva gm gn ge gnt,ham
r u over scratching it,ham
umma did she say anything,ham
call me when ure done,ham
urgent important information for o2 user today is your lucky day 2 find out why log onto httpwwwurawinnercom there is a fantastic surprise awaiting for you,spam
i got lousy sleep i kept waking up every 2 hours to see if my cat wanted to come in i worry about him when its cold,ham
mum say we wan to go then go then she can shun bian watch da glass exhibition,ham
al he does is moan at me if n e thin goes wrong its my faultal de arguments r my faultfed up of him of himso y bother hav 2go thanxxx,ham
come to mahal bus stop ltdecimalgt,ham
ringtone club gr8 new polys direct to your mobile every week,spam
height of recycling read twice people spend time for earning money and the same money is spent for spending time good morning keep smiling,ham
kkwhen will you give treat,ham
urgent we are trying to contact u todays draw shows that you have won a å£800 prize guaranteed call 09050000460 from land line claim j89 po box245c2150pm,spam
u so lousy run already come back then half dead hee,ham
yar lor keep raining non stop or u wan 2 go elsewhere,ham
vikky come around lttimegt,ham
im in inperialmusic listening2the weirdest track ever byåóleafcutter johnåósounds like insects being molestedsomeone plumbingremixed by evil men on acid,ham
surly ill give it to you while coming to review,ham
yagoing for restaurant,ham
is fujitsu s series lifebook good,ham
but if shes drinkin im ok,ham
win the newest åòharry potter and the order of the phoenix book 5 reply harry answer 5 questions chance to be the first among readers,spam
wish u many many returns of the day happy birthday vikky,ham
sms auction a brand new nokia 7250 is up 4 auction today auction is free 2 join take part txt nokia to 86021 now,spam
great i shoot big loads so get ready,ham
that seems unnecessarily affectionate,ham
kkhow is your sister kids,ham
today is sorry day if ever i was angry with you if ever i misbehaved or hurt you plz plz just slap urself bcoz its ur fault im basically good,ham
hey mr and i are going to the sea view and having a couple of gays i mean games give me a bell when ya finish,ham
i am not having her number sir,ham
eatin my lunch,ham
also north carolina and texas atm you would just go to the gre site and pay for the test results to be sent,ham
ugh its been a long day im exhausted just want to cuddle up and take a nap,ham
hey very inconvenient for your sis a not huh,ham
you also didnt get na hi hi hi hi hi,ham
your dad is back in ph,ham
thank you i like you as well,ham
alright ill head out in a few minutes text me where to meet you,ham
you got job in wiproyou will get every thing in life in 2 or 3 years,ham
so why didnt you holla,ham
hey das cool iknow all 2 wellda peril of studentfinancial crisisspk 2 u l8r,ham
5 free top polyphonic tones call 087018728737 national rate get a toppoly tune sent every week just text subpoly to 81618 å£3 per pole unsub 08718727870,spam
no promises on when though havent even gotten dinner yet,ham
let me know when youve got the money so carlos can make the call,ham
leave it u will always be ignorant,ham
my new years eve was ok i went to a party with my boyfriend who is this si then hey,ham
dunno y u ask me,ham
now im going for lunch,ham
forwarded from 21870000hi this is your mailbox messaging sms alert you have 4 messages you have 21 matches please call back on 09056242159 to retrieve your messages and matches,spam
ok then i will come to ur home after half an hour,ham
the wine is flowing and im i have nevering,ham
did you say bold then torch later or one torch and 2bold,ham
every day i use to sleep after ltgt so only,ham
im very happy for you babe woo hoo party on dude,ham
at 4 lets go to bill millers,ham
how do you plan to manage that,ham
haha that was the first person i was gonna ask,ham
pdatenow double mins and 1000 txts on orange tariffs latest motorola sonyericsson nokia bluetooth free call mobileupd8 on 08000839402 or call2optoutyhl,spam
no problem we will be spending a lot of quality time together,ham
good good billy mates all gone just been jogging again did enjoy concert,ham
this is the 2nd time we have tried 2 contact u u have won the 750 pound prize 2 claim is easy call 08718726970 now only 10p per min btnationalrate,spam
friendship is not a game to play it is not a word to say it doesnt start on march and ends on may it is tomorrow yesterday today and e,ham
hi do u want to join me with sts later meeting them at five call u after class,ham
not for possession especially not first offense,ham
fuck babe what happened to you how come you never came back,ham
england v macedonia dont miss the goalsteam news txt ur national team to 87077 eg england to 87077 trywales scotland 4txtì¼120 poboxox36504w45wq 16,spam
thts wat wright brother did to fly,ham
the 2 oz guy is being kinda flaky but one friend is interested in picking up ltgt worth tonight if possible,ham
iåõm cool ta luv but vtired 2 cause i have been doin loads of planning all wk we have got our social services inspection at the nursery take care spk sn x,ham
just sent you an email ûò to an address with incomm in it is that right,ham
i thank you so much for all you do with selflessness i love you plenty,ham
whats up my own oga left my phone at home and just saw ur messages hope you are good have a great weekend,ham
had your mobile 11 months or more u r entitled to update to the latest colour mobiles with camera for free call the mobile update co free on 08002986030,spam
oh icic k lor den meet other day,ham
you still at the game,ham
aah bless hows your arm,ham
omg i want to scream i weighed myself and i lost more weight woohoo,ham
